task_name,from_pretrained,model_cfg,model_cls,model_type,lr,batch_size,HVD_SIZE,lr_scheduler,input_seq_len,max_n_segments,num_mem_tokens,segment_ordering,model_path,sum_loss,num_steps,best_valid_f1
qasper,t5-base,,modeling_rmt_enc_dec_log:RMTEncoderDecoderForConditionalGeneration,encoder-decoder,5e-05,4,1,linear,1024,2,1,regular,../runs/finetune/all_seg/qasper/t5-base/lr5e-05_linear_adamw_wd1e-03_1024-1024-{2}seg_mem1_bs32_iters5000_regular/run_1,False,5000,10.00220012664795
qasper,t5-base,,modeling_rmt_enc_dec_log:RMTEncoderDecoderForConditionalGeneration,encoder-decoder,5e-05,4,1,linear,1024,2,1,regular,../runs/finetune/all_seg/qasper/t5-base/lr5e-05_linear_adamw_wd1e-03_1024-1024-{2}seg_mem1_bs32_iters5000_regular/run_1,False,0,0.0
qasper,t5-base,,modeling_rmt_enc_dec_log:RMTEncoderDecoderForConditionalGeneration,encoder-decoder,5e-05,2,1,linear,1024,3,1,regular,../runs/finetune/all_seg/qasper/t5-base/lr5e-05_linear_adamw_wd1e-03_1024-1024-{3}seg_mem1_bs32_iters5000_regular/run_1,False,50,0.0
qasper,t5-base,,modeling_rmt_enc_dec_log:RMTEncoderDecoderForConditionalGeneration,encoder-decoder,5e-05,2,1,linear,1024,3,1,regular,../runs/finetune/all_seg/qasper/t5-base/lr5e-05_linear_adamw_wd1e-03_1024-1024-{3}seg_mem1_bs32_iters5000_regular/run_1,False,50,0.0
qasper,t5-base,,modeling_rmt_enc_dec_log:RMTEncoderDecoderForConditionalGeneration,encoder-decoder,5e-05,2,1,linear,1024,4,1,regular,../runs/finetune/all_seg/qasper/t5-base/lr5e-05_linear_adamw_wd1e-03_1024-1024-{4}seg_mem1_bs32_iters5000_regular/run_1,False,50,0.0
qasper,t5-base,,modeling_rmt_enc_dec_log:RMTEncoderDecoderForConditionalGeneration,encoder-decoder,5e-05,8,1,linear,1024,1,10,regular,../runs/finetune/all_seg/qasper/t5-base/lr5e-05_linear_adamw_wd1e-03_1024-1024-{1}seg_mem10_bs32_iters5000_regular/run_1,False,5000,19.44930076599121
qasper,t5-base,,modeling_rmt_enc_dec:RMTEncoderDecoderForConditionalGeneration,encoder-decoder,5e-05,2,1,linear,2100,2,10,regular,../runs/finetune/all_seg/qasper/t5-base/lr5e-05_linear_adamw_wd1e-03_2100-1024-{2}seg_mem10_bs32_iters5000_regular/run_3,False,5000,9.484100341796875
qasper,t5-base,,modeling_rmt_enc_dec:RMTEncoderDecoderForConditionalGeneration,encoder-decoder,5e-05,2,1,linear,2100,2,10,regular,../runs/finetune/all_seg/qasper/t5-base/lr5e-05_linear_adamw_wd1e-03_2100-1024-{2}seg_mem10_bs32_iters5000_regular/run_2,False,5000,10.677300453186035
qasper,t5-base,,modeling_rmt_enc_dec:RMTEncoderDecoderForConditionalGeneration,encoder-decoder,5e-05,2,1,linear,2100,3,1,regular,../runs/finetune/all_seg/qasper/t5-base/lr5e-05_linear_adamw_wd1e-03_2100-1024-{3}seg_mem1_bs32_iters5000_regular/run_1,False,50,0.0
qasper,t5-base,,modeling_rmt_enc_dec_log:RMTEncoderDecoderForConditionalGeneration,encoder-decoder,5e-05,8,1,linear,1024,1,1,regular,../runs/finetune/all_seg/qasper/t5-base/lr5e-05_linear_adamw_wd1e-03_1024-1024-{1}seg_mem1_bs32_iters5000_regular/run_1,False,5000,20.06800079345703
qasper,t5-base,,modeling_rmt_enc_dec:RMTEncoderDecoderForConditionalGeneration,encoder-decoder,5e-05,2,1,linear,2100,2,25,regular,../runs/finetune/all_seg/qasper/t5-base/lr5e-05_linear_adamw_wd1e-03_2100-1024-{2}seg_mem25_bs32_iters5000_regular/run_3,False,5000,10.151700019836426
qasper,t5-base,,modeling_rmt_enc_dec:RMTEncoderDecoderForConditionalGeneration,encoder-decoder,5e-05,2,1,linear,2100,2,25,regular,../runs/finetune/all_seg/qasper/t5-base/lr5e-05_linear_adamw_wd1e-03_2100-1024-{2}seg_mem25_bs32_iters5000_regular/run_2,False,5000,10.546699523925781
qasper,t5-base,,modeling_rmt_enc_dec:RMTEncoderDecoderForConditionalGeneration,encoder-decoder,5e-05,2,1,linear,2100,3,0,regular,../runs/finetune/all_seg/qasper/t5-base/lr5e-05_linear_adamw_wd1e-03_2100-1024-{3}seg_mem0_bs32_iters5000_regular/run_1,False,50,5.061299800872803
qasper,t5-base,,modeling_rmt_enc_dec:RMTEncoderDecoderForConditionalGeneration,encoder-decoder,5e-05,2,1,linear,2100,2,10,regular,../runs/finetune/qasper/t5-base/lr5e-05_linear_adamw_wd1e-03_2100-1024-{2}seg_mem10_bs32_iters5000_regular/run_2,False,5000,9.550399780273438
qasper,t5-base,,modeling_rmt_enc_dec:RMTEncoderDecoderForConditionalGeneration,encoder-decoder,5e-05,2,1,linear,2100,2,10,regular,../runs/finetune/qasper/t5-base/lr5e-05_linear_adamw_wd1e-03_2100-1024-{2}seg_mem10_bs32_iters5000_regular/run_1,False,5000,9.741700172424316
qasper,t5-base,,modeling_rmt_enc_dec:RMTEncoderDecoderForConditionalGeneration,encoder-decoder,5e-05,2,1,linear,2100,3,10,regular,../runs/finetune/qasper/t5-base/lr5e-05_linear_adamw_wd1e-03_2100-1024-{3}seg_mem10_bs32_iters5000_regular/run_2,False,5000,9.141400337219238
qasper,t5-base,,modeling_rmt_enc_dec:RMTEncoderDecoderForConditionalGeneration,encoder-decoder,5e-05,2,1,linear,2100,3,10,regular,../runs/finetune/qasper/t5-base/lr5e-05_linear_adamw_wd1e-03_2100-1024-{3}seg_mem10_bs32_iters5000_regular/run_1,False,5000,8.251399993896484
qasper,t5-base,,modeling_rmt_enc_dec:RMTEncoderDecoderForConditionalGeneration,encoder-decoder,5e-05,2,1,linear,2100,4,25,regular,../runs/finetune/qasper/t5-base/lr5e-05_linear_adamw_wd1e-03_2100-1024-{4}seg_mem25_bs32_iters5000_regular/run_2,False,5000,10.363800048828125
qasper,t5-base,,modeling_rmt_enc_dec:RMTEncoderDecoderForConditionalGeneration,encoder-decoder,5e-05,2,1,linear,2100,4,25,regular,../runs/finetune/qasper/t5-base/lr5e-05_linear_adamw_wd1e-03_2100-1024-{4}seg_mem25_bs32_iters5000_regular/run_1,False,5000,9.792499542236328
qasper,t5-base,,modeling_rmt_enc_dec:RMTEncoderDecoderForConditionalGeneration,encoder-decoder,5e-05,2,1,linear,2100,3,25,regular,../runs/finetune/qasper/t5-base/lr5e-05_linear_adamw_wd1e-03_2100-1024-{3}seg_mem25_bs32_iters5000_regular/run_2,False,5000,8.804200172424316
qasper,t5-base,,modeling_rmt_enc_dec:RMTEncoderDecoderForConditionalGeneration,encoder-decoder,5e-05,2,1,linear,2100,3,25,regular,../runs/finetune/qasper/t5-base/lr5e-05_linear_adamw_wd1e-03_2100-1024-{3}seg_mem25_bs32_iters5000_regular/run_1,False,5000,8.904500007629395
qasper,t5-base,,modeling_rmt_enc_dec:RMTEncoderDecoderForConditionalGeneration,encoder-decoder,5e-05,2,1,linear,2100,4,10,regular,../runs/finetune/qasper/t5-base/lr5e-05_linear_adamw_wd1e-03_2100-1024-{4}seg_mem10_bs32_iters5000_regular/run_2,False,5000,9.953200340270996
qasper,t5-base,,modeling_rmt_enc_dec:RMTEncoderDecoderForConditionalGeneration,encoder-decoder,5e-05,2,1,linear,2100,4,10,regular,../runs/finetune/qasper/t5-base/lr5e-05_linear_adamw_wd1e-03_2100-1024-{4}seg_mem10_bs32_iters5000_regular/run_1,False,5000,10.119600296020508
qasper,t5-base,,modeling_rmt_enc_dec:RMTEncoderDecoderForConditionalGeneration,encoder-decoder,5e-05,2,1,linear,2100,2,25,regular,../runs/finetune/qasper/t5-base/lr5e-05_linear_adamw_wd1e-03_2100-1024-{2}seg_mem25_bs32_iters5000_regular/run_2,False,5000,9.932000160217285
qasper,t5-base,,modeling_rmt_enc_dec:RMTEncoderDecoderForConditionalGeneration,encoder-decoder,5e-05,2,1,linear,2100,2,25,regular,../runs/finetune/qasper/t5-base/lr5e-05_linear_adamw_wd1e-03_2100-1024-{2}seg_mem25_bs32_iters5000_regular/run_1,False,5000,10.159299850463867
qasper,t5-base,,modeling_rmt_enc_dec:RMTEncoderDecoderForConditionalGeneration,encoder-decoder,5e-05,8,1,linear,2100,4,0,regular,../runs/finetune/qasper/t5-base/lr5e-05_linear_adamw_wd1e-03_2100-1024-{4}seg_mem0_bs32_iters5000_regular/run_2,False,5000,10.406900405883789
qasper,t5-base,,modeling_rmt_enc_dec:RMTEncoderDecoderForConditionalGeneration,encoder-decoder,5e-05,8,1,linear,2100,4,0,regular,../runs/finetune/qasper/t5-base/lr5e-05_linear_adamw_wd1e-03_2100-1024-{4}seg_mem0_bs32_iters5000_regular/run_1,False,5000,9.482500076293945
qasper,t5-base,,modeling_rmt_enc_dec_log:RMTEncoderDecoderForConditionalGeneration,encoder-decoder,5e-05,4,1,linear,1024,2,1,regular,../runs/finetune/debug/qasper/t5-base/lr5e-05_linear_adamw_wd1e-03_1024-1024-{2}seg_mem1_bs32_iters5000_regular/run_1,False,5000,10.789999961853027
qasper,t5-base,,modeling_rmt_enc_dec_log:RMTEncoderDecoderForConditionalGeneration,encoder-decoder,5e-05,4,1,linear,1024,2,10,regular,../runs/finetune/debug/qasper/t5-base/lr5e-05_linear_adamw_wd1e-03_1024-1024-{2}seg_mem10_bs32_iters5000_regular/run_1,False,5000,10.28600025177002
qasper,t5-base,,modeling_rmt_enc_dec_log:RMTEncoderDecoderForConditionalGeneration,encoder-decoder,5e-05,4,1,linear,512,1,0,regular,../runs/finetune/debug/qasper/t5-base/lr5e-05_linear_adamw_wd1e-03_512-1024-{1}seg_mem0_bs32_iters5000_regular/run_2,False,5000,18.829200744628906
qasper,t5-base,,modeling_rmt_enc_dec_log:RMTEncoderDecoderForConditionalGeneration,encoder-decoder,5e-05,8,1,linear,512,1,0,regular,../runs/finetune/debug/qasper/t5-base/lr5e-05_linear_adamw_wd1e-03_512-1024-{1}seg_mem0_bs32_iters5000_regular/run_1,False,5000,19.54199981689453
qasper,t5-base,,modeling_rmt_enc_dec_log:RMTEncoderDecoderForConditionalGeneration,encoder-decoder,5e-05,8,1,linear,1024,1,10,regular,../runs/finetune/debug/qasper/t5-base/lr5e-05_linear_adamw_wd1e-03_1024-1024-{1}seg_mem10_bs32_iters5000_regular/run_4,False,5000,19.333999633789062
qasper,t5-base,,modeling_rmt_enc_dec_scale_mem_log:RMTEncoderDecoderForConditionalGeneration,encoder-decoder,5e-05,8,1,linear,1024,1,10,regular,../runs/finetune/debug/qasper/t5-base/lr5e-05_linear_adamw_wd1e-03_1024-1024-{1}seg_mem10_bs32_iters5000_regular_scale_mem/run_1,False,5000,20.125200271606445
qasper,t5-base,,modeling_rmt_enc_dec_log:RMTEncoderDecoderForConditionalGeneration,encoder-decoder,5e-05,4,1,linear,1024,2,0,regular,../runs/finetune/debug/qasper/t5-base/lr5e-05_linear_adamw_wd1e-03_1024-1024-{2}seg_mem0_bs32_iters5000_regular/run_1,False,5000,11.01039981842041
qasper,t5-base,,modeling_rmt_enc_dec_ln:RMTEncoderDecoderForConditionalGeneration,encoder-decoder,5e-05,4,1,linear,1024,2,10,regular,../runs/finetune/debug/qasper/t5-base/lr5e-05_linear_adamw_wd1e-03_1024-1024-{2}seg_mem10_bs32_iters5000_regular_ln_end/run_1,False,5000,9.456700325012207
qasper,t5-base,,modeling_rmt_enc_dec_ln:RMTEncoderDecoderForConditionalGeneration,encoder-decoder,5e-05,4,1,linear,1024,2,25,regular,../runs/finetune/debug/qasper/t5-base/lr5e-05_linear_adamw_wd1e-03_1024-1024-{2}seg_mem25_bs32_iters5000_regular_ln_end/run_1,False,5000,10.344599723815918
qasper,t5-base,,modeling_rmt_enc_dec_ln:RMTEncoderDecoderForConditionalGeneration,encoder-decoder,5e-05,8,1,linear,1024,1,10,regular,../runs/finetune/debug/qasper/t5-base/lr5e-05_linear_adamw_wd1e-03_1024-1024-{1}seg_mem10_bs32_iters5000_regular_ln_end/run_1,False,5000,18.42490005493164
qasper,t5-base,,modeling_rmt_enc_dec_log:RMTEncoderDecoderForConditionalGeneration,encoder-decoder,5e-05,8,1,linear,1024,1,1,regular,../runs/finetune/debug/qasper/t5-base/lr5e-05_linear_adamw_wd1e-03_1024-1024-{1}seg_mem1_bs32_iters5000_regular/run_4,False,5000,19.968599319458008
qasper,t5-base,,modeling_rmt_enc_dec_log:RMTEncoderDecoderForConditionalGeneration,encoder-decoder,5e-05,8,1,linear,1024,1,1,regular,../runs/finetune/debug/qasper/t5-base/lr5e-05_linear_adamw_wd1e-03_1024-1024-{1}seg_mem1_bs32_iters5000_regular/run_4,False,750,15.103400230407715
qasper,t5-base,,modeling_rmt_enc_dec_log:RMTEncoderDecoderForConditionalGeneration,encoder-decoder,5e-05,8,1,linear,1024,1,1,regular,../runs/finetune/debug/qasper/t5-base/lr5e-05_linear_adamw_wd1e-03_1024-1024-{1}seg_mem1_bs32_iters5000_regular/run_4,False,5000,19.80299949645996
qasper,t5-base,,modeling_rmt_enc_dec_ln:RMTEncoderDecoderForConditionalGeneration,encoder-decoder,5e-05,4,1,linear,1024,2,1,regular,../runs/finetune/debug/qasper/t5-base/lr5e-05_linear_adamw_wd1e-03_1024-1024-{2}seg_mem1_bs32_iters5000_regular_ln_end/run_1,False,5000,10.710399627685547
qasper,t5-base,,modeling_rmt_enc_dec_ln:RMTEncoderDecoderForConditionalGeneration,encoder-decoder,5e-05,4,1,linear,1024,2,1,regular,../runs/finetune/debug/qasper/t5-base/lr5e-05_linear_adamw_wd1e-03_1024-1024-{2}seg_mem1_bs32_iters5000_regular_ln_end/run_1,False,0,0.0
qasper,t5-base,,modeling_rmt_enc_dec_ln:RMTEncoderDecoderForConditionalGeneration,encoder-decoder,5e-05,4,1,linear,1024,2,1,regular,../runs/finetune/debug/qasper/t5-base/lr5e-05_linear_adamw_wd1e-03_1024-1024-{2}seg_mem1_bs32_iters5000_regular_ln_end/run_1,False,350,2.436500072479248
qasper,t5-base,,modeling_rmt_enc_dec_log:RMTEncoderDecoderForConditionalGeneration,encoder-decoder,5e-05,8,1,linear,512,1,1,regular,../runs/finetune/debug/qasper/t5-base/lr5e-05_linear_adamw_wd1e-03_512-1024-{1}seg_mem1_bs32_iters5000_regular/run_3,False,5000,19.472400665283203
qasper,t5-base,,modeling_rmt_enc_dec_log:RMTEncoderDecoderForConditionalGeneration,encoder-decoder,5e-05,4,1,linear,512,1,1,regular,../runs/finetune/debug/qasper/t5-base/lr5e-05_linear_adamw_wd1e-03_512-1024-{1}seg_mem1_bs32_iters5000_regular/run_2,False,5000,19.511699676513672
qasper,t5-base,,modeling_rmt_enc_dec_log:RMTEncoderDecoderForConditionalGeneration,encoder-decoder,5e-05,8,1,linear,512,1,1,regular,../runs/finetune/debug/qasper/t5-base/lr5e-05_linear_adamw_wd1e-03_512-1024-{1}seg_mem1_bs32_iters5000_regular/run_1,False,50,0.0
qasper,t5-base,,modeling_rmt_enc_dec_log:RMTEncoderDecoderForConditionalGeneration,encoder-decoder,5e-05,8,1,linear,512,1,1,regular,../runs/finetune/debug/qasper/t5-base/lr5e-05_linear_adamw_wd1e-03_512-1024-{1}seg_mem1_bs32_iters5000_regular/run_1,False,5000,19.34510040283203
qasper,t5-base,,modeling_rmt_enc_dec_ln:RMTEncoderDecoderForConditionalGeneration,encoder-decoder,5e-05,2,1,linear,1024,3,1,regular,../runs/finetune/debug/qasper/t5-base/lr5e-05_linear_adamw_wd1e-03_1024-1024-{3}seg_mem1_bs32_iters5000_regular_ln_end/run_1,False,50,0.02539999969303608
qasper,t5-base,,modeling_rmt_enc_dec_ln:RMTEncoderDecoderForConditionalGeneration,encoder-decoder,5e-05,2,1,linear,1024,3,1,regular,../runs/finetune/debug/qasper/t5-base/lr5e-05_linear_adamw_wd1e-03_1024-1024-{3}seg_mem1_bs32_iters5000_regular_ln_end/run_1,False,50,0.0
qasper,t5-base,,modeling_rmt_enc_dec_log:RMTEncoderDecoderForConditionalGeneration,encoder-decoder,5e-05,4,1,linear,512,1,10,regular,../runs/finetune/debug/qasper/t5-base/lr5e-05_linear_adamw_wd1e-03_512-1024-{1}seg_mem10_bs32_iters5000_regular/run_2,False,5000,20.095699310302734
qasper,t5-base,,modeling_rmt_enc_dec_log:RMTEncoderDecoderForConditionalGeneration,encoder-decoder,5e-05,8,1,linear,512,1,10,regular,../runs/finetune/debug/qasper/t5-base/lr5e-05_linear_adamw_wd1e-03_512-1024-{1}seg_mem10_bs32_iters5000_regular/run_1,False,5000,19.969100952148438
qasper,t5-base,,modeling_rmt_enc_dec_scale_mem_log:RMTEncoderDecoderForConditionalGeneration,encoder-decoder,5e-05,8,1,linear,1024,1,1,regular,../runs/finetune/debug/qasper/t5-base/lr5e-05_linear_adamw_wd1e-03_1024-1024-{1}seg_mem1_bs32_iters5000_regular_scale_mem/run_1,False,5000,19.16819953918457
qasper,t5-base,,modeling_rmt_enc_dec_scale_mem_log:RMTEncoderDecoderForConditionalGeneration,encoder-decoder,5e-05,8,1,linear,1024,1,1,regular,../runs/finetune/debug/qasper/t5-base/lr5e-05_linear_adamw_wd1e-03_1024-1024-{1}seg_mem1_bs32_iters5000_regular_scale_mem/run_1,False,250,0.0
qasper,t5-base,,modeling_rmt_enc_dec_ln:RMTEncoderDecoderForConditionalGeneration,encoder-decoder,5e-05,8,1,linear,1024,1,1,regular,../runs/finetune/debug/qasper/t5-base/lr5e-05_linear_adamw_wd1e-03_1024-1024-{1}seg_mem1_bs32_iters5000_regular_ln_end/run_1,False,5000,19.542200088500977
,bert-base-cased,,modeling_rmt:RMTEncoderForSequenceClassification,encoder,1e-05,16,1,linear,1024,3,10,regular,../runs/finetune/hyperpartisan_news_detection/bert-base-cased/lr1e-05_linear_adamw_wd1e-03_1024-1024-{3}seg_mem10_bs128_iters3000_regular/run_10,False,3000,0.7659574747085571
,bert-base-cased,,modeling_rmt:RMTEncoderForSequenceClassification,encoder,1e-05,16,1,linear,1024,1,10,regular,../runs/finetune/hyperpartisan_news_detection/bert-base-cased/lr1e-05_linear_adamw_wd1e-03_1024-1024-{1}seg_mem10_bs128_iters3000_regular/run_10,False,3000,0.6818181872367859
,bert-base-cased,,modeling_rmt:RMTEncoderForSequenceClassification,encoder,1e-05,16,1,linear,1024,1,10,regular,../runs/finetune/hyperpartisan_news_detection/bert-base-cased/lr1e-05_linear_adamw_wd1e-03_1024-1024-{1}seg_mem10_bs128_iters3000_regular/run_10,False,3000,0.6666666865348816
,bert-base-cased,,modeling_rmt:RMTEncoderForSequenceClassification,encoder,1e-05,16,1,linear,1024,1,10,regular,../runs/finetune/hyperpartisan_news_detection/bert-base-cased/lr1e-05_linear_adamw_wd1e-03_1024-1024-{1}seg_mem10_bs128_iters3000_regular/run_10,False,3000,0.6511628031730652
,bert-base-cased,,modeling_rmt:RMTEncoderForSequenceClassification,encoder,1e-05,16,1,linear,1024,1,10,regular,../runs/finetune/hyperpartisan_news_detection/bert-base-cased/lr1e-05_linear_adamw_wd1e-03_1024-1024-{1}seg_mem10_bs128_iters3000_regular/run_10,False,240,0.0
,bert-base-cased,,modeling_rmt:RMTEncoderForSequenceClassification,encoder,1e-05,16,1,linear,1024,2,10,regular,../runs/finetune/hyperpartisan_news_detection/bert-base-cased/lr1e-05_linear_adamw_wd1e-03_1024-1024-{2}seg_mem10_bs128_iters3000_regular/run_10,False,3000,0.8085106611251831
qasper,t5-base,,modeling_rmt_enc_dec_ilm:RMTEncoderDecoderForConditionalGeneration,encoder-decoder,5e-05,4,1,linear,1024,2,1,regular,../runs/test/qasper/t5-base/lr5e-05_linear_adamw_wd1e-03_1024-1024-{2}seg_mem1_bs32_iters5000_regular_ilm/run_2,False,5000,11.489500045776367
qasper,t5-base,,modeling_rmt_enc_dec_ilm:RMTEncoderDecoderForConditionalGeneration,encoder-decoder,5e-05,4,1,linear,1024,2,1,regular,../runs/test/qasper/t5-base/lr5e-05_linear_adamw_wd1e-03_1024-1024-{2}seg_mem1_bs32_iters5000_regular_ilm/run_1,False,5000,10.171799659729004
qasper,t5-base,,modeling_rmt_enc_dec_ilm:RMTEncoderDecoderForConditionalGeneration,encoder-decoder,5e-05,4,1,linear,1024,2,1,regular,../runs/test/qasper/t5-base/lr5e-05_linear_adamw_wd1e-03_1024-1024-{2}seg_mem1_bs32_iters5000_regular_ilm/run_1,False,50,0.0
qasper,t5-base,,modeling_rmt_enc_dec_mem_loss:RMTEncoderDecoderForConditionalGeneration,encoder-decoder,5e-05,4,1,linear,1024,2,1,regular,../runs/test/qasper/t5-base/lr5e-05_linear_adamw_wd1e-03_1024-1024-{2}seg_mem1_bs32_iters5000_regular_mem_loss_rc0.05_prs_2000/run_1,False,2000,9.348099708557129
qasper,t5-base,,modeling_rmt_enc_dec_mem_loss:RMTEncoderDecoderForConditionalGeneration,encoder-decoder,5e-05,4,1,linear,1024,2,1,regular,../runs/test/qasper/t5-base/lr5e-05_linear_adamw_wd1e-03_1024-1024-{2}seg_mem1_bs32_iters5000_regular_mem_loss_rc0.05_prs_2000/run_1,False,5000,9.590200424194336
qasper,t5-base,,modeling_rmt_enc_dec_mem_loss:RMTEncoderDecoderForConditionalGeneration,encoder-decoder,5e-05,4,1,linear,1024,2,10,regular,../runs/test/qasper/t5-base/lr5e-05_linear_adamw_wd1e-03_1024-1024-{2}seg_mem10_bs32_iters5000_regular_mem_loss_rc0.05_prs_2000/run_1,False,50,0.0
qasper,t5-base,,modeling_rmt_enc_dec_mem_loss:RMTEncoderDecoderForConditionalGeneration,encoder-decoder,5e-05,1,1,linear,1024,2,10,regular,../runs/test/qasper/t5-base/lr5e-05_linear_adamw_wd1e-03_1024-1024-{2}seg_mem10_bs32_iters5000_regular_mem_loss_rc0.0001_prs_2000/run_1,False,300,0.0
qasper,t5-base,,modeling_rmt_enc_dec_mem_loss:RMTEncoderDecoderForConditionalGeneration,encoder-decoder,5e-05,2,1,linear,1024,4,10,regular,../runs/test/qasper/t5-base/lr5e-05_linear_adamw_wd1e-03_1024-1024-{4}seg_mem10_bs32_iters5000_regular_mem_loss_rc0.01/run_2,False,5000,9.248100280761719
qasper,t5-base,,modeling_rmt_enc_dec_mem_loss:RMTEncoderDecoderForConditionalGeneration,encoder-decoder,5e-05,2,1,linear,1024,4,10,regular,../runs/test/qasper/t5-base/lr5e-05_linear_adamw_wd1e-03_1024-1024-{4}seg_mem10_bs32_iters5000_regular_mem_loss_rc0.01/run_1,False,5000,9.432000160217285
qasper,t5-base,,modeling_rmt_enc_dec_mem_loss:RMTEncoderDecoderForConditionalGeneration,encoder-decoder,5e-05,1,1,linear,1024,3,10,regular,../runs/test/qasper/t5-base/lr5e-05_linear_adamw_wd1e-03_1024-1024-{3}seg_mem10_bs32_iters5000_regular_mem_loss_rc0_prs_2000/run_1,False,2000,7.566100120544434
qasper,t5-base,,modeling_rmt_enc_dec_mem_loss:RMTEncoderDecoderForConditionalGeneration,encoder-decoder,5e-05,1,1,linear,1024,3,10,regular,../runs/test/qasper/t5-base/lr5e-05_linear_adamw_wd1e-03_1024-1024-{3}seg_mem10_bs32_iters5000_regular_mem_loss_rc0_prs_2000/run_1,False,5000,9.2923002243042
qasper,t5-base,,modeling_rmt_enc_dec_mem_loss:RMTEncoderDecoderForConditionalGeneration,encoder-decoder,5e-06,2,1,linear,1024,1,10,regular,../runs/test/qasper/t5-base/lr5e-06_linear_adamw_wd1e-03_1024-1024-{1}seg_mem10_bs32_iters5000_regular_mem_loss_rc0.001/run_1,False,5000,15.737500190734863
qasper,t5-base,,modeling_rmt_enc_dec_mem_loss:RMTEncoderDecoderForConditionalGeneration,encoder-decoder,5e-05,2,1,linear,1024,4,10,regular,../runs/test/qasper/t5-base/lr5e-05_linear_adamw_wd1e-03_1024-1024-{4}seg_mem10_bs32_iters5000_regular_mem_loss_rc0.001/run_2,False,5000,9.017399787902832
qasper,t5-base,,modeling_rmt_enc_dec_mem_loss:RMTEncoderDecoderForConditionalGeneration,encoder-decoder,5e-05,2,1,linear,1024,4,10,regular,../runs/test/qasper/t5-base/lr5e-05_linear_adamw_wd1e-03_1024-1024-{4}seg_mem10_bs32_iters5000_regular_mem_loss_rc0.001/run_1,False,5000,9.572799682617188
qasper,t5-base,,modeling_rmt_enc_dec_ilm:RMTEncoderDecoderForConditionalGeneration,encoder-decoder,5e-05,2,1,linear,2048,4,10,regular,../runs/test/qasper/t5-base/lr5e-05_linear_adamw_wd1e-03_2048-1024-{4}seg_mem10_bs32_iters5000_regular_ilm/run_1,False,2200,9.419400215148926
qasper,t5-base,,modeling_rmt_enc_dec_mem_loss:RMTEncoderDecoderForConditionalGeneration,encoder-decoder,5e-05,2,1,linear,1024,2,10,regular,../runs/test/qasper/t5-base/lr5e-05_linear_adamw_wd1e-03_1024-1024-{2}seg_mem10_bs32_iters5000_regular_mem_loss_rc0.001/run_1,False,50,0.01269999984651804
qasper,t5-base,,modeling_rmt_enc_dec_mem_loss:RMTEncoderDecoderForConditionalGeneration,encoder-decoder,5e-05,4,1,linear,1024,2,1,regular,../runs/test/qasper/t5-base/lr5e-05_linear_adamw_wd1e-03_1024-1024-{2}seg_mem1_bs32_iters5000_regular_mem_loss_rc0.001/run_1,False,5000,9.938599586486816
qasper,t5-base,,modeling_rmt_enc_dec_mem_loss:RMTEncoderDecoderForConditionalGeneration,encoder-decoder,5e-06,1,1,linear,1024,3,10,regular,../runs/test/qasper/t5-base/lr5e-06_linear_adamw_wd1e-03_1024-1024-{3}seg_mem10_bs32_iters5000_regular_mem_loss_rc0_prs_2000/run_1,False,5000,8.172800064086914
qasper,t5-base,,modeling_rmt_enc_dec_mem_loss:RMTEncoderDecoderForConditionalGeneration,encoder-decoder,5e-06,1,1,linear,1024,3,10,regular,../runs/test/qasper/t5-base/lr5e-06_linear_adamw_wd1e-03_1024-1024-{3}seg_mem10_bs32_iters5000_regular_mem_loss_rc0_prs_2000/run_1,False,2000,7.352099895477295
qasper,t5-base,,modeling_rmt_enc_dec_ilm_mem_layers:RMTEncoderDecoderForConditionalGeneration,encoder-decoder,5e-05,4,1,linear,1024,2,10,regular,../runs/test/qasper/t5-base/lr5e-05_linear_adamw_wd1e-03_1024-1024-{2}seg_mem10_bs32_iters5000_regular_ilmV2_mem_layers_shared/run_1,False,50,0.009200000204145908
qasper,t5-base,,modeling_rmt_enc_dec_ilm_mem_layersV2:RMTEncoderDecoderForConditionalGeneration,encoder-decoder,5e-05,4,1,linear,1200,2,1,regular,../runs/test/qasper/t5-base/lr5e-05_linear_adamw_wd1e-03_1200-1024-{2}seg_mem1_bs32_iters5000_regular_ilmV2_mem_layers_shared_mem_prefixV3/run_2,False,5000,11.389900207519531
qasper,t5-base,,modeling_rmt_enc_dec_ilm_mem_layersV2:RMTEncoderDecoderForConditionalGeneration,encoder-decoder,5e-05,4,1,linear,1200,2,1,regular,../runs/test/qasper/t5-base/lr5e-05_linear_adamw_wd1e-03_1200-1024-{2}seg_mem1_bs32_iters5000_regular_ilmV2_mem_layers_shared_mem_prefixV3/run_1,False,5000,10.81190013885498
qasper,t5-base,,modeling_rmt_enc_dec_mem_loss:RMTEncoderDecoderForConditionalGeneration,encoder-decoder,5e-05,4,1,linear,1024,2,1,regular,../runs/test/qasper/t5-base/lr5e-05_linear_adamw_wd1e-03_1024-1024-{2}seg_mem1_bs32_iters5000_regular_mem_loss_rc1/run_1,False,2900,0.01850000023841858
qasper,t5-base,,modeling_rmt_enc_dec_ilm_mem_layersV2:RMTEncoderDecoderForConditionalGeneration,encoder-decoder,5e-05,2,1,linear,2400,3,10,regular,../runs/test/qasper/t5-base/lr5e-05_linear_adamw_wd1e-03_2400-1024-{3}seg_mem10_bs32_iters5000_regular_ilm_mem_layers_shared_mem_prefixV3/run_2,False,5000,8.17389965057373
qasper,t5-base,,modeling_rmt_enc_dec_ilm_mem_layersV2:RMTEncoderDecoderForConditionalGeneration,encoder-decoder,5e-05,2,1,linear,2400,3,10,regular,../runs/test/qasper/t5-base/lr5e-05_linear_adamw_wd1e-03_2400-1024-{3}seg_mem10_bs32_iters5000_regular_ilm_mem_layers_shared_mem_prefixV3/run_2,False,5000,8.796099662780762
qasper,t5-base,,modeling_rmt_enc_dec_ilm_mem_layersV2:RMTEncoderDecoderForConditionalGeneration,encoder-decoder,5e-05,2,1,linear,2400,3,10,regular,../runs/test/qasper/t5-base/lr5e-05_linear_adamw_wd1e-03_2400-1024-{3}seg_mem10_bs32_iters5000_regular_ilm_mem_layers_shared_mem_prefixV3/run_1,False,5000,8.73639965057373
qasper,t5-base,,modeling_rmt_enc_dec_ilm_mem_layersV2:RMTEncoderDecoderForConditionalGeneration,encoder-decoder,5e-05,2,1,linear,2400,3,10,regular,../runs/test/qasper/t5-base/lr5e-05_linear_adamw_wd1e-03_2400-1024-{3}seg_mem10_bs32_iters5000_regular_ilm_mem_layers_shared_mem_prefixV3/run_1,False,5000,8.390700340270996
qasper,t5-base,,modeling_rmt_enc_dec_mem_loss:RMTEncoderDecoderForConditionalGeneration,encoder-decoder,5e-05,2,1,linear,1024,3,10,regular,../runs/test/qasper/t5-base/lr5e-05_linear_adamw_wd1e-03_1024-1024-{3}seg_mem10_bs32_iters5000_regular_mem_loss_rc0.001/run_2,False,5000,9.128100395202637
qasper,t5-base,,modeling_rmt_enc_dec_mem_loss:RMTEncoderDecoderForConditionalGeneration,encoder-decoder,5e-05,2,1,linear,1024,3,10,regular,../runs/test/qasper/t5-base/lr5e-05_linear_adamw_wd1e-03_1024-1024-{3}seg_mem10_bs32_iters5000_regular_mem_loss_rc0.001/run_1,False,5000,9.369199752807617
qasper,t5-base,,modeling_rmt_enc_dec_ilm_mem_layersV2:RMTEncoderDecoderForConditionalGeneration,encoder-decoder,5e-05,2,1,linear,1200,3,10,regular,../runs/test/qasper/t5-base/lr5e-05_linear_adamw_wd1e-03_1200-1024-{3}seg_mem10_bs32_iters5000_regular_ilmV2_mem_layers_shared_mem_prefix/run_1,False,5000,8.668000221252441
qasper,t5-base,,modeling_rmt_enc_dec_ilm_mem_layers:RMTEncoderDecoderForConditionalGeneration,encoder-decoder,5e-05,4,1,linear,1200,2,10,regular,../runs/test/qasper/t5-base/lr5e-05_linear_adamw_wd1e-03_1200-1024-{2}seg_mem10_bs32_iters5000_regular_ilmV2_mem_layers_shared/run_2,False,5000,10.54580020904541
qasper,t5-base,,modeling_rmt_enc_dec_ilm_mem_layers:RMTEncoderDecoderForConditionalGeneration,encoder-decoder,5e-05,4,1,linear,1200,2,10,regular,../runs/test/qasper/t5-base/lr5e-05_linear_adamw_wd1e-03_1200-1024-{2}seg_mem10_bs32_iters5000_regular_ilmV2_mem_layers_shared/run_1,False,5000,11.928799629211426
qasper,t5-base,,modeling_rmt_enc_dec_ilm_mem_layersV2:RMTEncoderDecoderForConditionalGeneration,encoder-decoder,5e-05,4,1,linear,1200,2,10,regular,../runs/test/qasper/t5-base/lr5e-05_linear_adamw_wd1e-03_1200-1024-{2}seg_mem10_bs32_iters5000_regular_ilmV2_mem_layers_shared_mem_prefix/run_3,False,3200,10.036100387573242
qasper,t5-base,,modeling_rmt_enc_dec_ilm_mem_layersV2:RMTEncoderDecoderForConditionalGeneration,encoder-decoder,5e-05,4,1,linear,1200,2,10,regular,../runs/test/qasper/t5-base/lr5e-05_linear_adamw_wd1e-03_1200-1024-{2}seg_mem10_bs32_iters5000_regular_ilmV2_mem_layers_shared_mem_prefix/run_2,False,5000,10.140199661254883
qasper,t5-base,,modeling_rmt_enc_dec_ilm_mem_layersV2:RMTEncoderDecoderForConditionalGeneration,encoder-decoder,5e-05,4,1,linear,1200,2,10,regular,../runs/test/qasper/t5-base/lr5e-05_linear_adamw_wd1e-03_1200-1024-{2}seg_mem10_bs32_iters5000_regular_ilmV2_mem_layers_shared_mem_prefix/run_1,False,5000,11.177499771118164
qasper,t5-base,,modeling_rmt_enc_dec_ilm_mem_layersV2:RMTEncoderDecoderForConditionalGeneration,encoder-decoder,5e-05,2,1,linear,1200,3,1,regular,../runs/test/qasper/t5-base/lr5e-05_linear_adamw_wd1e-03_1200-1024-{3}seg_mem1_bs32_iters5000_regular_ilmV2_mem_layers_shared_mem_prefix/run_1,False,5000,9.581999778747559
qasper,t5-base,,modeling_rmt_enc_dec_ilm_mem_layersV2:RMTEncoderDecoderForConditionalGeneration,encoder-decoder,5e-05,2,1,linear,2400,3,1,regular,../runs/test/qasper/t5-base/lr5e-05_linear_adamw_wd1e-03_2400-1024-{3}seg_mem1_bs32_iters5000_regular_ilm_mem_layers_shared_mem_prefixV3/run_2,False,5000,8.32919979095459
qasper,t5-base,,modeling_rmt_enc_dec_ilm_mem_layersV2:RMTEncoderDecoderForConditionalGeneration,encoder-decoder,5e-05,2,1,linear,2400,3,1,regular,../runs/test/qasper/t5-base/lr5e-05_linear_adamw_wd1e-03_2400-1024-{3}seg_mem1_bs32_iters5000_regular_ilm_mem_layers_shared_mem_prefixV3/run_2,False,5000,8.935199737548828
qasper,t5-base,,modeling_rmt_enc_dec_ilm_mem_layersV2:RMTEncoderDecoderForConditionalGeneration,encoder-decoder,5e-05,2,1,linear,2400,3,1,regular,../runs/test/qasper/t5-base/lr5e-05_linear_adamw_wd1e-03_2400-1024-{3}seg_mem1_bs32_iters5000_regular_ilm_mem_layers_shared_mem_prefixV3/run_1,False,5000,8.019000053405762
qasper,t5-base,,modeling_rmt_enc_dec_ilm_mem_layersV2:RMTEncoderDecoderForConditionalGeneration,encoder-decoder,5e-05,2,1,linear,2400,3,1,regular,../runs/test/qasper/t5-base/lr5e-05_linear_adamw_wd1e-03_2400-1024-{3}seg_mem1_bs32_iters5000_regular_ilm_mem_layers_shared_mem_prefixV3/run_1,False,5000,7.800099849700928
qasper,t5-base,,modeling_rmt_enc_dec_ilm:RMTEncoderDecoderForConditionalGeneration,encoder-decoder,5e-05,2,1,linear,2048,3,10,regular,../runs/test/qasper/t5-base/lr5e-05_linear_adamw_wd1e-03_2048-1024-{3}seg_mem10_bs32_iters5000_regular_ilm/run_1,False,5000,8.471500396728516
qasper,t5-base,,modeling_rmt_enc_dec_ilm:RMTEncoderDecoderForConditionalGeneration,encoder-decoder,5e-05,2,1,linear,2048,3,10,regular,../runs/test/qasper/t5-base/lr5e-05_linear_adamw_wd1e-03_2048-1024-{3}seg_mem10_bs32_iters5000_regular_ilm/run_1,False,50,0.0
qasper,t5-base,,modeling_rmt_enc_dec_ilm:RMTEncoderDecoderForConditionalGeneration,encoder-decoder,5e-05,4,1,linear,1200,2,10,regular,../runs/test/qasper/t5-base/lr5e-05_linear_adamw_wd1e-03_1200-1024-{2}seg_mem10_bs32_iters5000_regular_ilmV2/run_2,False,5000,10.168899536132812
qasper,t5-base,,modeling_rmt_enc_dec_ilm:RMTEncoderDecoderForConditionalGeneration,encoder-decoder,5e-05,4,1,linear,1200,2,10,regular,../runs/test/qasper/t5-base/lr5e-05_linear_adamw_wd1e-03_1200-1024-{2}seg_mem10_bs32_iters5000_regular_ilmV2/run_1,False,50,0.0
qasper,t5-base,,modeling_rmt_enc_dec_ilm:RMTEncoderDecoderForConditionalGeneration,encoder-decoder,5e-05,4,1,linear,1200,2,10,regular,../runs/test/qasper/t5-base/lr5e-05_linear_adamw_wd1e-03_1200-1024-{2}seg_mem10_bs32_iters5000_regular_ilmV2/run_1,False,50,0.007799999788403511
qasper,t5-base,,modeling_rmt_enc_dec_ilm:RMTEncoderDecoderForConditionalGeneration,encoder-decoder,5e-05,4,1,linear,1200,2,10,regular,../runs/test/qasper/t5-base/lr5e-05_linear_adamw_wd1e-03_1200-1024-{2}seg_mem10_bs32_iters5000_regular_ilmV2/run_1,False,50,0.0
qasper,t5-base,,modeling_rmt_enc_dec_ilm:RMTEncoderDecoderForConditionalGeneration,encoder-decoder,5e-05,4,1,linear,1200,2,10,regular,../runs/test/qasper/t5-base/lr5e-05_linear_adamw_wd1e-03_1200-1024-{2}seg_mem10_bs32_iters5000_regular_ilmV2/run_1,False,5000,9.522100448608398
qasper,t5-base,,modeling_rmt_enc_dec_mem_loss:RMTEncoderDecoderForConditionalGeneration,encoder-decoder,5e-05,4,1,linear,1024,2,1,regular,../runs/test/qasper/t5-base/lr5e-05_linear_adamw_wd1e-03_1024-1024-{2}seg_mem1_bs32_iters5000_regular_mem_loss_rc0.1/run_1,False,5000,10.494400024414062
qasper,t5-base,,modeling_rmt_enc_dec_mem_loss:RMTEncoderDecoderForConditionalGeneration,encoder-decoder,5e-05,4,1,linear,1024,2,10,regular,../runs/test/qasper/t5-base/lr5e-05_linear_adamw_wd1e-03_1024-1024-{2}seg_mem10_bs32_iters5000_regular_mem_loss_rc0.1/run_1,False,50,0.0
qasper,t5-base,,modeling_rmt_enc_dec_ilm_mem_layersV2:RMTEncoderDecoderForConditionalGeneration,encoder-decoder,5e-05,4,1,linear,1200,2,10,regular,../runs/test/qasper/t5-base/lr5e-05_linear_adamw_wd1e-03_1200-1024-{2}seg_mem10_bs32_iters5000_regular_ilm_mem_layers_shared_mem_prefixV4_1by1/run_2,False,5000,14.013699531555176
qasper,t5-base,,modeling_rmt_enc_dec_ilm_mem_layersV2:RMTEncoderDecoderForConditionalGeneration,encoder-decoder,5e-05,4,1,linear,1200,2,10,regular,../runs/test/qasper/t5-base/lr5e-05_linear_adamw_wd1e-03_1200-1024-{2}seg_mem10_bs32_iters5000_regular_ilm_mem_layers_shared_mem_prefixV4_1by1/run_1,False,5000,14.450799942016602
qasper,t5-base,,modeling_rmt_enc_dec_mem_loss:RMTEncoderDecoderForConditionalGeneration,encoder-decoder,5e-06,1,1,linear,1024,2,10,regular,../runs/test/qasper/t5-base/lr5e-06_linear_adamw_wd1e-03_1024-1024-{2}seg_mem10_bs32_iters5000_regular_mem_loss_rc0_prs_2000/run_1,False,5000,8.52340030670166
qasper,t5-base,,modeling_rmt_enc_dec_mem_loss:RMTEncoderDecoderForConditionalGeneration,encoder-decoder,5e-06,1,1,linear,1024,2,10,regular,../runs/test/qasper/t5-base/lr5e-06_linear_adamw_wd1e-03_1024-1024-{2}seg_mem10_bs32_iters5000_regular_mem_loss_rc0_prs_2000/run_1,False,2000,8.250399589538574
qasper,t5-base,,modeling_rmt_enc_dec_mem_loss:RMTEncoderDecoderForConditionalGeneration,encoder-decoder,5e-05,2,1,linear,1024,3,10,regular,../runs/test/qasper/t5-base/lr5e-05_linear_adamw_wd1e-03_1024-1024-{3}seg_mem10_bs32_iters5000_regular_mem_loss_rc0.01/run_2,False,5000,8.895500183105469
qasper,t5-base,,modeling_rmt_enc_dec_mem_loss:RMTEncoderDecoderForConditionalGeneration,encoder-decoder,5e-05,2,1,linear,1024,3,10,regular,../runs/test/qasper/t5-base/lr5e-05_linear_adamw_wd1e-03_1024-1024-{3}seg_mem10_bs32_iters5000_regular_mem_loss_rc0.01/run_1,False,5000,8.996199607849121
qasper,t5-base,,modeling_rmt_enc_dec_ilm_mem_layersV2:RMTEncoderDecoderForConditionalGeneration,encoder-decoder,5e-05,4,2,linear,1200,2,10,regular,../runs/test/qasper/t5-base/lr5e-05_linear_adamw_wd1e-03_1200-1024-{2}seg_mem10_bs32_iters5000_regular_ilm_mem_layers_shared_mem_prefixV3/run_3,False,5000,9.892399787902832
qasper,t5-base,,modeling_rmt_enc_dec_ilm_mem_layersV2:RMTEncoderDecoderForConditionalGeneration,encoder-decoder,5e-05,4,1,linear,1200,2,10,regular,../runs/test/qasper/t5-base/lr5e-05_linear_adamw_wd1e-03_1200-1024-{2}seg_mem10_bs32_iters5000_regular_ilm_mem_layers_shared_mem_prefixV3/run_2,False,5000,9.55739974975586
qasper,t5-base,,modeling_rmt_enc_dec_ilm_mem_layersV2:RMTEncoderDecoderForConditionalGeneration,encoder-decoder,5e-05,4,1,linear,1200,2,10,regular,../runs/test/qasper/t5-base/lr5e-05_linear_adamw_wd1e-03_1200-1024-{2}seg_mem10_bs32_iters5000_regular_ilm_mem_layers_shared_mem_prefixV3/run_1,False,5000,9.9975004196167
qasper,t5-base,,modeling_rmt_enc_dec_ilm:RMTEncoderDecoderForConditionalGeneration,encoder-decoder,5e-05,4,1,linear,1024,2,10,regular,../runs/test/qasper/t5-base/lr5e-05_linear_adamw_wd1e-03_1024-1024-{2}seg_mem10_bs32_iters5000_regular_ilm/run_2,False,5000,10.387499809265137
qasper,t5-base,,modeling_rmt_enc_dec_ilm:RMTEncoderDecoderForConditionalGeneration,encoder-decoder,5e-05,4,1,linear,1024,2,10,regular,../runs/test/qasper/t5-base/lr5e-05_linear_adamw_wd1e-03_1024-1024-{2}seg_mem10_bs32_iters5000_regular_ilm/run_1,False,5000,9.503700256347656
qasper,t5-base,,modeling_rmt_enc_dec_ilm_mem_layersV2:RMTEncoderDecoderForConditionalGeneration,encoder-decoder,5e-05,2,1,linear,2400,4,10,regular,../runs/test/qasper/t5-base/lr5e-05_linear_adamw_wd1e-03_2400-1024-{4}seg_mem10_bs32_iters5000_regular_ilm_mem_layers_shared_mem_prefixV3/run_2,False,5000,9.38029956817627
qasper,t5-base,,modeling_rmt_enc_dec_ilm_mem_layersV2:RMTEncoderDecoderForConditionalGeneration,encoder-decoder,5e-05,2,1,linear,2400,4,10,regular,../runs/test/qasper/t5-base/lr5e-05_linear_adamw_wd1e-03_2400-1024-{4}seg_mem10_bs32_iters5000_regular_ilm_mem_layers_shared_mem_prefixV3/run_2,False,5000,10.4552001953125
qasper,t5-base,,modeling_rmt_enc_dec_ilm_mem_layersV2:RMTEncoderDecoderForConditionalGeneration,encoder-decoder,5e-05,2,1,linear,2400,4,10,regular,../runs/test/qasper/t5-base/lr5e-05_linear_adamw_wd1e-03_2400-1024-{4}seg_mem10_bs32_iters5000_regular_ilm_mem_layers_shared_mem_prefixV3/run_1,False,5000,10.153599739074707
qasper,t5-base,,modeling_rmt_enc_dec_ilm_mem_layersV2:RMTEncoderDecoderForConditionalGeneration,encoder-decoder,5e-05,2,1,linear,2400,4,10,regular,../runs/test/qasper/t5-base/lr5e-05_linear_adamw_wd1e-03_2400-1024-{4}seg_mem10_bs32_iters5000_regular_ilm_mem_layers_shared_mem_prefixV3/run_1,False,5000,9.753399848937988
qasper,t5-base,,modeling_rmt_enc_dec_mem_loss:RMTEncoderDecoderForConditionalGeneration,encoder-decoder,5e-06,1,1,linear,1024,4,10,regular,../runs/test/qasper/t5-base/lr5e-06_linear_adamw_wd1e-03_1024-1024-{4}seg_mem10_bs32_iters5000_regular_mem_loss_rc0_prs_2000/run_1,False,5000,8.189800262451172
qasper,t5-base,,modeling_rmt_enc_dec_mem_loss:RMTEncoderDecoderForConditionalGeneration,encoder-decoder,5e-06,1,1,linear,1024,4,10,regular,../runs/test/qasper/t5-base/lr5e-06_linear_adamw_wd1e-03_1024-1024-{4}seg_mem10_bs32_iters5000_regular_mem_loss_rc0_prs_2000/run_1,False,2000,7.1915998458862305
qasper,t5-base,,modeling_rmt_enc_dec_mem_loss:RMTEncoderDecoderForConditionalGeneration,encoder-decoder,5e-05,1,1,linear,1024,2,10,regular,../runs/test/qasper/t5-base/lr5e-05_linear_adamw_wd1e-03_1024-1024-{2}seg_mem10_bs32_iters5000_regular_mem_loss_rc0_prs_2000/run_1,False,2000,7.781300067901611
qasper,t5-base,,modeling_rmt_enc_dec_mem_loss:RMTEncoderDecoderForConditionalGeneration,encoder-decoder,5e-05,1,1,linear,1024,2,10,regular,../runs/test/qasper/t5-base/lr5e-05_linear_adamw_wd1e-03_1024-1024-{2}seg_mem10_bs32_iters5000_regular_mem_loss_rc0_prs_2000/run_1,False,5000,14.276900291442871
qasper,t5-base,,modeling_rmt_enc_dec_ilm:RMTEncoderDecoderForConditionalGeneration,encoder-decoder,5e-05,4,1,linear,1024,2,1,regular,../runs/test/qasper/t5-base/lr5e-05_linear_adamw_wd1e-03_1024-1024-{2}seg_mem1_bs32_iters5000_regular_ilm_sum_loss/run_1,True,50,0.0
qasper,t5-base,,modeling_rmt_enc_dec_ilm_mem_layersV2:RMTEncoderDecoderForConditionalGeneration,encoder-decoder,5e-05,2,1,linear,2400,4,1,regular,../runs/test/qasper/t5-base/lr5e-05_linear_adamw_wd1e-03_2400-1024-{4}seg_mem1_bs32_iters5000_regular_ilm_mem_layers_shared_mem_prefixV3/run_1,False,5000,9.325699806213379
qasper,t5-base,,modeling_rmt_enc_dec_ilm_mem_layersV2:RMTEncoderDecoderForConditionalGeneration,encoder-decoder,5e-05,2,1,linear,2400,4,1,regular,../runs/test/qasper/t5-base/lr5e-05_linear_adamw_wd1e-03_2400-1024-{4}seg_mem1_bs32_iters5000_regular_ilm_mem_layers_shared_mem_prefixV3/run_1,False,5000,10.242400169372559
qasper,t5-base,,modeling_rmt_enc_dec_mem_loss:RMTEncoderDecoderForConditionalGeneration,encoder-decoder,5e-05,4,1,linear,1024,2,1,regular,../runs/test/qasper/t5-base/lr5e-05_linear_adamw_wd1e-03_1024-1024-{2}seg_mem1_bs32_iters5000_regular_mem_loss_rc0.0001/run_1,False,2750,9.985099792480469
qasper,t5-base,,modeling_rmt_enc_dec_ilm_mem_layersV2:RMTEncoderDecoderForConditionalGeneration,encoder-decoder,5e-05,4,1,linear,1200,2,10,regular,../runs/test/qasper/t5-base/lr5e-05_linear_adamw_wd1e-03_1200-1024-{2}seg_mem10_bs32_iters5000_regular_ilm_mem_prefixV4_1by1/run_2,False,5000,9.896900177001953
qasper,t5-base,,modeling_rmt_enc_dec_ilm_mem_layersV2:RMTEncoderDecoderForConditionalGeneration,encoder-decoder,5e-05,4,1,linear,1200,2,10,regular,../runs/test/qasper/t5-base/lr5e-05_linear_adamw_wd1e-03_1200-1024-{2}seg_mem10_bs32_iters5000_regular_ilm_mem_prefixV4_1by1/run_1,False,5000,10.105199813842773
qasper,t5-base,,modeling_rmt_enc_dec_ilm_mem_layersV2:RMTEncoderDecoderForConditionalGeneration,encoder-decoder,5e-05,4,1,linear,1200,1,10,regular,../runs/test/qasper/t5-base/lr5e-05_linear_adamw_wd1e-03_1200-1024-{1}seg_mem10_bs32_iters5000_regular_ilm_mem_layers_shared_mem_prefixV3/run_2,False,5000,19.573999404907227
qasper,t5-base,,modeling_rmt_enc_dec_ilm_mem_layersV2:RMTEncoderDecoderForConditionalGeneration,encoder-decoder,5e-05,4,1,linear,1200,1,10,regular,../runs/test/qasper/t5-base/lr5e-05_linear_adamw_wd1e-03_1200-1024-{1}seg_mem10_bs32_iters5000_regular_ilm_mem_layers_shared_mem_prefixV3/run_1,False,5000,20.064199447631836
qasper,t5-base,,modeling_rmt_enc_dec_ilm_mem_layersV2:RMTEncoderDecoderForConditionalGeneration,encoder-decoder,5e-05,4,1,linear,1200,2,1,regular,../runs/test/qasper/t5-base/lr5e-05_linear_adamw_wd1e-03_1200-1024-{2}seg_mem1_bs32_iters5000_regular_ilm_mem_layers_shared_mem_prefixV3/run_2,False,5000,10.113100051879883
qasper,t5-base,,modeling_rmt_enc_dec_ilm_mem_layersV2:RMTEncoderDecoderForConditionalGeneration,encoder-decoder,5e-05,4,1,linear,1200,2,1,regular,../runs/test/qasper/t5-base/lr5e-05_linear_adamw_wd1e-03_1200-1024-{2}seg_mem1_bs32_iters5000_regular_ilm_mem_layers_shared_mem_prefixV3/run_1,False,5000,10.720600128173828
qasper,t5-base,,modeling_rmt_enc_dec_ilm_mem_layersV2:RMTEncoderDecoderForConditionalGeneration,encoder-decoder,5e-05,4,1,linear,1200,1,10,regular,../runs/test/qasper/t5-base/lr5e-05_linear_adamw_wd1e-03_1200-1024-{1}seg_mem10_bs32_iters5000_regular_ilmV2_mem_layers_shared_mem_prefixV3/run_2,False,5000,19.230600357055664
qasper,t5-base,,modeling_rmt_enc_dec_ilm_mem_layersV2:RMTEncoderDecoderForConditionalGeneration,encoder-decoder,5e-05,4,1,linear,1200,1,10,regular,../runs/test/qasper/t5-base/lr5e-05_linear_adamw_wd1e-03_1200-1024-{1}seg_mem10_bs32_iters5000_regular_ilmV2_mem_layers_shared_mem_prefixV3/run_1,False,5000,20.21339988708496
qasper,t5-base,,modeling_rmt_enc_dec_mem_loss:RMTEncoderDecoderForConditionalGeneration,encoder-decoder,5e-05,2,1,linear,1024,1,10,regular,../runs/test/qasper/t5-base/lr5e-05_linear_adamw_wd1e-03_1024-1024-{1}seg_mem10_bs32_iters5000_regular_mem_loss_rc0.001/run_1,False,5000,19.274499893188477
qasper,t5-base,,modeling_rmt_enc_dec_ilm_mem_layersV2:RMTEncoderDecoderForConditionalGeneration,encoder-decoder,5e-05,4,1,linear,1200,2,1,regular,../runs/test/qasper/t5-base/lr5e-05_linear_adamw_wd1e-03_1200-1024-{2}seg_mem1_bs32_iters5000_regular_ilmV2_mem_layers_shared_mem_prefix/run_2,False,5000,11.47189998626709
qasper,t5-base,,modeling_rmt_enc_dec_ilm_mem_layersV2:RMTEncoderDecoderForConditionalGeneration,encoder-decoder,5e-05,4,1,linear,1200,2,1,regular,../runs/test/qasper/t5-base/lr5e-05_linear_adamw_wd1e-03_1200-1024-{2}seg_mem1_bs32_iters5000_regular_ilmV2_mem_layers_shared_mem_prefix/run_1,False,5000,10.832500457763672
qasper,t5-base,,modeling_rmt_enc_dec_mem_loss:RMTEncoderDecoderForConditionalGeneration,encoder-decoder,5e-05,1,1,linear,1024,4,10,regular,../runs/test/qasper/t5-base/lr5e-05_linear_adamw_wd1e-03_1024-1024-{4}seg_mem10_bs32_iters5000_regular_mem_loss_rc0_prs_2000/run_1,False,5000,8.414400100708008
qasper,t5-base,,modeling_rmt_enc_dec_mem_loss:RMTEncoderDecoderForConditionalGeneration,encoder-decoder,5e-05,1,1,linear,1024,4,10,regular,../runs/test/qasper/t5-base/lr5e-05_linear_adamw_wd1e-03_1024-1024-{4}seg_mem10_bs32_iters5000_regular_mem_loss_rc0_prs_2000/run_1,False,2000,7.701600074768066
qasper,t5-base,,modeling_rmt_enc_dec_mem_loss:RMTEncoderDecoderForConditionalGeneration,encoder-decoder,5e-06,4,1,linear,1024,2,1,regular,../runs/test/qasper/t5-base/lr5e-06_linear_adamw_wd1e-03_1024-1024-{2}seg_mem1_bs32_iters5000_regular_mem_loss_rc0.001/run_1,False,5000,9.918499946594238
qasper,t5-base,,modeling_rmt_enc_dec_ilm:RMTEncoderDecoderForConditionalGeneration,encoder-decoder,5e-05,4,1,linear,1024,2,10,regular,../runs/test/qasper/t5-base/lr5e-05_linear_adamw_wd1e-03_1024-1024-{2}seg_mem10_bs32_iters5000_regular_ilmV2/run_1,False,50,0.0
qasper,t5-base,,modeling_rmt_enc_dec_ilm:RMTEncoderDecoderForConditionalGeneration,encoder-decoder,5e-05,4,1,linear,1024,2,10,regular,../runs/test/qasper/t5-base/lr5e-05_linear_adamw_wd1e-03_1024-1024-{2}seg_mem10_bs32_iters5000_regular_ilmV2/run_1,False,50,0.031599998474121094
qasper,t5-base,,modeling_rmt_enc_dec_ilm:RMTEncoderDecoderForConditionalGeneration,encoder-decoder,5e-05,4,1,linear,1024,2,10,regular,../runs/test/qasper/t5-base/lr5e-05_linear_adamw_wd1e-03_1024-1024-{2}seg_mem10_bs32_iters5000_regular_ilmV2/run_1,False,50,0.0
qasper,t5-base,,modeling_rmt_enc_dec_ilm_mem_layersV2:RMTEncoderDecoderForConditionalGeneration,encoder-decoder,5e-05,4,2,linear,1200,2,10,regular,../runs/test/qasper/t5-base/lr5e-05_linear_adamw_wd1e-03_1200-1024-{2}seg_mem10_bs32_iters5000_regular_ilmV2_mem_layers_shared_mem_prefixV3/run_3,False,5000,11.694499969482422
qasper,t5-base,,modeling_rmt_enc_dec_ilm_mem_layersV2:RMTEncoderDecoderForConditionalGeneration,encoder-decoder,5e-05,4,1,linear,1200,2,10,regular,../runs/test/qasper/t5-base/lr5e-05_linear_adamw_wd1e-03_1200-1024-{2}seg_mem10_bs32_iters5000_regular_ilmV2_mem_layers_shared_mem_prefixV3/run_2,False,5000,11.527799606323242
qasper,t5-base,,modeling_rmt_enc_dec_ilm_mem_layersV2:RMTEncoderDecoderForConditionalGeneration,encoder-decoder,5e-05,4,1,linear,1200,2,10,regular,../runs/test/qasper/t5-base/lr5e-05_linear_adamw_wd1e-03_1200-1024-{2}seg_mem10_bs32_iters5000_regular_ilmV2_mem_layers_shared_mem_prefixV3/run_1,False,5000,10.374300003051758
qasper,t5-base,,modeling_rmt_enc_dec_mem_loss:RMTEncoderDecoderForConditionalGeneration,encoder-decoder,5e-05,2,1,linear,1200,2,10,regular,../runs/test/qasper/t5-base/lr5e-05_linear_adamw_wd1e-03_1200-1024-{2}seg_mem10_bs32_iters5000_regular_mem_loss_rc0.001/run_2,False,5000,9.566699981689453
qasper,t5-base,,modeling_rmt_enc_dec_mem_loss:RMTEncoderDecoderForConditionalGeneration,encoder-decoder,5e-05,2,1,linear,1200,2,10,regular,../runs/test/qasper/t5-base/lr5e-05_linear_adamw_wd1e-03_1200-1024-{2}seg_mem10_bs32_iters5000_regular_mem_loss_rc0.001/run_1,False,5000,8.997400283813477
qasper,t5-base,,modeling_rmt_enc_dec_mem_loss:RMTEncoderDecoderForConditionalGeneration,encoder-decoder,5e-05,2,1,linear,1200,2,1,regular,../runs/test/qasper/t5-base/lr5e-05_linear_adamw_wd1e-03_1200-1024-{2}seg_mem1_bs32_iters5000_regular_mem_loss_rc0.001/run_2,False,5000,10.207500457763672
qasper,t5-base,,modeling_rmt_enc_dec_mem_loss:RMTEncoderDecoderForConditionalGeneration,encoder-decoder,5e-05,2,1,linear,1200,2,1,regular,../runs/test/qasper/t5-base/lr5e-05_linear_adamw_wd1e-03_1200-1024-{2}seg_mem1_bs32_iters5000_regular_mem_loss_rc0.001/run_1,False,5000,10.218999862670898
qasper,t5-base,,modeling_rmt_enc_dec_ilm_mem_layersV2:RMTEncoderDecoderForConditionalGeneration,encoder-decoder,5e-05,2,1,linear,1200,4,10,regular,../runs/test/qasper/t5-base/lr5e-05_linear_adamw_wd1e-03_1200-1024-{4}seg_mem10_bs32_iters5000_regular_ilmV2_mem_layers_shared_mem_prefix/run_1,False,3050,10.422300338745117
qasper,t5-base,,modeling_rmt_enc_dec_repeat_question:RMTEncoderDecoderForConditionalGeneration,encoder-decoder,5e-05,4,1,linear,1024,2,0,regular,../runs/debug/qasper/t5-base/lr5e-05_linear_adamw_wd1e-03_1024-1024-{2}seg_mem0_bs32_iters5000_regular_repeat_question/run_3,False,5000,20.3882999420166
qasper,t5-base,,modeling_rmt_enc_dec_repeat_question:RMTEncoderDecoderForConditionalGeneration,encoder-decoder,5e-05,4,1,linear,1024,2,0,regular,../runs/debug/qasper/t5-base/lr5e-05_linear_adamw_wd1e-03_1024-1024-{2}seg_mem0_bs32_iters5000_regular_repeat_question/run_2,False,5000,21.629499435424805
qasper,t5-base,,modeling_rmt_enc_dec_repeat_question:RMTEncoderDecoderForConditionalGeneration,encoder-decoder,5e-05,4,1,linear,1024,2,0,regular,../runs/debug/qasper/t5-base/lr5e-05_linear_adamw_wd1e-03_1024-1024-{2}seg_mem0_bs32_iters5000_regular_repeat_question/run_1,False,5000,20.827699661254883
qasper,t5-base,,modeling_rmt_enc_dec_mem_layers_shared:RMTEncoderDecoderForConditionalGeneration,encoder-decoder,5e-05,2,1,linear,2100,4,10,regular,../runs/debug/qasper/t5-base/lr5e-05_linear_adamw_wd1e-03_2100-1024-{4}seg_mem10_bs32_iters5000_regular_mem_layers_shared/run_2,False,0,0.0
qasper,t5-base,,modeling_rmt_enc_dec_mem_layers_shared:RMTEncoderDecoderForConditionalGeneration,encoder-decoder,5e-05,2,1,linear,2100,4,10,regular,../runs/debug/qasper/t5-base/lr5e-05_linear_adamw_wd1e-03_2100-1024-{4}seg_mem10_bs32_iters5000_regular_mem_layers_shared/run_1,False,5000,13.517000198364258
qasper,t5-base,,modeling_rmt_enc_dec_mem_layers_log:RMTEncoderDecoderForConditionalGeneration,encoder-decoder,5e-05,4,1,linear,1024,2,10,regular,../runs/debug/qasper/t5-base/lr5e-05_linear_adamw_wd1e-03_1024-1024-{2}seg_mem10_bs32_iters5000_regular_mem_layers/run_2,False,5000,13.990400314331055
qasper,t5-base,,modeling_rmt_enc_dec_mem_layers_log:RMTEncoderDecoderForConditionalGeneration,encoder-decoder,5e-05,4,1,linear,1024,2,10,regular,../runs/debug/qasper/t5-base/lr5e-05_linear_adamw_wd1e-03_1024-1024-{2}seg_mem10_bs32_iters5000_regular_mem_layers/run_1,False,5000,15.481300354003906
qasper,t5-base,,modeling_rmt_enc_dec_mem_layers_shared_last2:RMTEncoderDecoderForConditionalGeneration,encoder-decoder,5e-05,2,1,linear,2100,3,10,regular,../runs/debug/qasper/t5-base/lr5e-05_linear_adamw_wd1e-03_2100-1024-{3}seg_mem10_bs32_iters5000_regular_mem_layers_shared_last2/run_3,False,5000,14.263299942016602
qasper,t5-base,,modeling_rmt_enc_dec_mem_layers_shared_last2:RMTEncoderDecoderForConditionalGeneration,encoder-decoder,5e-05,2,1,linear,2100,3,10,regular,../runs/debug/qasper/t5-base/lr5e-05_linear_adamw_wd1e-03_2100-1024-{3}seg_mem10_bs32_iters5000_regular_mem_layers_shared_last2/run_2,False,5000,14.132599830627441
qasper,t5-base,,modeling_rmt_enc_dec_mem_layers_log:RMTEncoderDecoderForConditionalGeneration,encoder-decoder,5e-05,4,1,linear,1024,2,25,regular,../runs/debug/qasper/t5-base/lr5e-05_linear_adamw_wd1e-03_1024-1024-{2}seg_mem25_bs32_iters5000_regular_mem_layers/run_1,False,5000,10.937600135803223
qasper,t5-base,,modeling_rmt_enc_dec_mem_layers:RMTEncoderDecoderForConditionalGeneration,encoder-decoder,5e-05,1,1,linear,2100,2,10,regular,../runs/debug/qasper/t5-base/lr5e-05_linear_adamw_wd1e-03_2100-1024-{2}seg_mem10_bs32_iters5000_regular_mem_layers_mem_loss_rc0.001/run_2,False,5000,15.688400268554688
qasper,t5-base,,modeling_rmt_enc_dec_mem_layers:RMTEncoderDecoderForConditionalGeneration,encoder-decoder,5e-05,1,1,linear,2100,2,10,regular,../runs/debug/qasper/t5-base/lr5e-05_linear_adamw_wd1e-03_2100-1024-{2}seg_mem10_bs32_iters5000_regular_mem_layers_mem_loss_rc0.001/run_2,False,5000,15.369199752807617
qasper,t5-base,,modeling_rmt_enc_dec_mem_layers:RMTEncoderDecoderForConditionalGeneration,encoder-decoder,5e-05,1,1,linear,2100,2,10,regular,../runs/debug/qasper/t5-base/lr5e-05_linear_adamw_wd1e-03_2100-1024-{2}seg_mem10_bs32_iters5000_regular_mem_layers_mem_loss_rc0.001/run_2,False,1000,8.201399803161621
qasper,t5-base,,modeling_rmt_enc_dec_mem_layers:RMTEncoderDecoderForConditionalGeneration,encoder-decoder,5e-05,1,1,linear,2100,2,10,regular,../runs/debug/qasper/t5-base/lr5e-05_linear_adamw_wd1e-03_2100-1024-{2}seg_mem10_bs32_iters5000_regular_mem_layers_mem_loss_rc0.001/run_1,False,1000,15.464500427246094
qasper,t5-base,,modeling_rmt_enc_dec_mem_layers:RMTEncoderDecoderForConditionalGeneration,encoder-decoder,5e-05,1,1,linear,2100,2,10,regular,../runs/debug/qasper/t5-base/lr5e-05_linear_adamw_wd1e-03_2100-1024-{2}seg_mem10_bs32_iters5000_regular_mem_layers_mem_loss_rc0.001/run_1,False,5000,15.301300048828125
qasper,t5-base,,modeling_rmt_enc_dec_mem_layers:RMTEncoderDecoderForConditionalGeneration,encoder-decoder,5e-05,1,1,linear,2100,2,10,regular,../runs/debug/qasper/t5-base/lr5e-05_linear_adamw_wd1e-03_2100-1024-{2}seg_mem10_bs32_iters5000_regular_mem_layers_mem_loss_rc0.001/run_1,False,5000,15.213000297546387
qasper,t5-base,,modeling_rmt_enc_dec_mem_layers_shared_last2:RMTEncoderDecoderForConditionalGeneration,encoder-decoder,5e-05,4,1,linear,1024,2,10,regular,../runs/debug/qasper/t5-base/lr5e-05_linear_adamw_wd1e-03_1024-1024-{2}seg_mem10_bs32_iters5000_regular_mem_layers_shared_last2_sum_loss/run_2,True,5000,13.688899993896484
qasper,t5-base,,modeling_rmt_enc_dec_mem_layers_shared_last2:RMTEncoderDecoderForConditionalGeneration,encoder-decoder,5e-05,4,1,linear,1024,2,10,regular,../runs/debug/qasper/t5-base/lr5e-05_linear_adamw_wd1e-03_1024-1024-{2}seg_mem10_bs32_iters5000_regular_mem_layers_shared_last2_sum_loss/run_1,True,5000,14.993399620056152
qasper,t5-base,,modeling_rmt_enc_dec_mem_layers_shared:RMTEncoderDecoderForConditionalGeneration,encoder-decoder,5e-05,2,1,linear,2100,3,1,regular,../runs/debug/qasper/t5-base/lr5e-05_linear_adamw_wd1e-03_2100-1024-{3}seg_mem1_bs32_iters5000_regular_mem_layers_shared/run_2,False,5000,7.945400238037109
qasper,t5-base,,modeling_rmt_enc_dec_mem_layers_shared:RMTEncoderDecoderForConditionalGeneration,encoder-decoder,5e-05,2,1,linear,2100,3,1,regular,../runs/debug/qasper/t5-base/lr5e-05_linear_adamw_wd1e-03_2100-1024-{3}seg_mem1_bs32_iters5000_regular_mem_layers_shared/run_1,False,5000,7.967899799346924
qasper,t5-base,,modeling_rmt_enc_dec_mem_layers:RMTEncoderDecoderForConditionalGeneration,encoder-decoder,5e-05,1,1,linear,2100,3,10,regular,../runs/debug/qasper/t5-base/lr5e-05_linear_adamw_wd1e-03_2100-1024-{3}seg_mem10_bs32_iters5000_regular_mem_layers_mem_loss_rc0.001/run_2,False,1000,7.013500213623047
qasper,t5-base,,modeling_rmt_enc_dec_mem_layers:RMTEncoderDecoderForConditionalGeneration,encoder-decoder,5e-05,1,1,linear,2100,3,10,regular,../runs/debug/qasper/t5-base/lr5e-05_linear_adamw_wd1e-03_2100-1024-{3}seg_mem10_bs32_iters5000_regular_mem_layers_mem_loss_rc0.001/run_2,False,5000,7.557199954986572
qasper,t5-base,,modeling_rmt_enc_dec_mem_layers:RMTEncoderDecoderForConditionalGeneration,encoder-decoder,5e-05,1,1,linear,2100,3,10,regular,../runs/debug/qasper/t5-base/lr5e-05_linear_adamw_wd1e-03_2100-1024-{3}seg_mem10_bs32_iters5000_regular_mem_layers_mem_loss_rc0.001/run_2,False,5000,7.628499984741211
qasper,t5-base,,modeling_rmt_enc_dec_mem_layers:RMTEncoderDecoderForConditionalGeneration,encoder-decoder,5e-05,1,1,linear,2100,3,10,regular,../runs/debug/qasper/t5-base/lr5e-05_linear_adamw_wd1e-03_2100-1024-{3}seg_mem10_bs32_iters5000_regular_mem_layers_mem_loss_rc0.001/run_1,False,5000,7.895899772644043
qasper,t5-base,,modeling_rmt_enc_dec_mem_layers:RMTEncoderDecoderForConditionalGeneration,encoder-decoder,5e-05,1,1,linear,2100,3,10,regular,../runs/debug/qasper/t5-base/lr5e-05_linear_adamw_wd1e-03_2100-1024-{3}seg_mem10_bs32_iters5000_regular_mem_layers_mem_loss_rc0.001/run_1,False,1000,6.92519998550415
qasper,t5-base,,modeling_rmt_enc_dec_mem_layers:RMTEncoderDecoderForConditionalGeneration,encoder-decoder,5e-05,1,1,linear,2100,3,10,regular,../runs/debug/qasper/t5-base/lr5e-05_linear_adamw_wd1e-03_2100-1024-{3}seg_mem10_bs32_iters5000_regular_mem_layers_mem_loss_rc0.001/run_1,False,5000,8.3302001953125
qasper,t5-base,,modeling_rmt_enc_dec_repeat_question:RMTEncoderDecoderForConditionalGeneration,encoder-decoder,5e-05,2,1,linear,2100,4,10,regular,../runs/debug/qasper/t5-base/lr5e-05_linear_adamw_wd1e-03_2100-1024-{4}seg_mem10_bs32_iters5000_regular_repeat_question/run_3,False,0,0.004699999932199717
qasper,t5-base,,modeling_rmt_enc_dec_repeat_question:RMTEncoderDecoderForConditionalGeneration,encoder-decoder,5e-05,2,1,linear,2100,4,10,regular,../runs/debug/qasper/t5-base/lr5e-05_linear_adamw_wd1e-03_2100-1024-{4}seg_mem10_bs32_iters5000_regular_repeat_question/run_2,False,5000,16.580299377441406
qasper,t5-base,,modeling_rmt_enc_dec_repeat_question:RMTEncoderDecoderForConditionalGeneration,encoder-decoder,5e-05,2,1,linear,2100,4,10,regular,../runs/debug/qasper/t5-base/lr5e-05_linear_adamw_wd1e-03_2100-1024-{4}seg_mem10_bs32_iters5000_regular_repeat_question/run_1,False,5000,16.429399490356445
qasper,t5-base,,modeling_rmt_enc_dec_mem_layers:RMTEncoderDecoderForConditionalGeneration,encoder-decoder,5e-05,1,1,linear,2100,4,10,regular,../runs/debug/qasper/t5-base/lr5e-05_linear_adamw_wd1e-03_2100-1024-{4}seg_mem10_bs32_iters5000_regular_mem_layers_mem_loss_rc0.001/run_2,False,1000,8.141400337219238
qasper,t5-base,,modeling_rmt_enc_dec_mem_layers:RMTEncoderDecoderForConditionalGeneration,encoder-decoder,5e-05,1,1,linear,2100,4,10,regular,../runs/debug/qasper/t5-base/lr5e-05_linear_adamw_wd1e-03_2100-1024-{4}seg_mem10_bs32_iters5000_regular_mem_layers_mem_loss_rc0.001/run_2,False,5000,8.988200187683105
qasper,t5-base,,modeling_rmt_enc_dec_mem_layers:RMTEncoderDecoderForConditionalGeneration,encoder-decoder,5e-05,1,1,linear,2100,4,10,regular,../runs/debug/qasper/t5-base/lr5e-05_linear_adamw_wd1e-03_2100-1024-{4}seg_mem10_bs32_iters5000_regular_mem_layers_mem_loss_rc0.001/run_2,False,5000,9.074999809265137
qasper,t5-base,,modeling_rmt_enc_dec_mem_layers:RMTEncoderDecoderForConditionalGeneration,encoder-decoder,5e-05,1,1,linear,2100,4,10,regular,../runs/debug/qasper/t5-base/lr5e-05_linear_adamw_wd1e-03_2100-1024-{4}seg_mem10_bs32_iters5000_regular_mem_layers_mem_loss_rc0.001/run_1,False,5000,9.139300346374512
qasper,t5-base,,modeling_rmt_enc_dec_mem_layers:RMTEncoderDecoderForConditionalGeneration,encoder-decoder,5e-05,1,1,linear,2100,4,10,regular,../runs/debug/qasper/t5-base/lr5e-05_linear_adamw_wd1e-03_2100-1024-{4}seg_mem10_bs32_iters5000_regular_mem_layers_mem_loss_rc0.001/run_1,False,1000,7.267499923706055
qasper,t5-base,,modeling_rmt_enc_dec_mem_layers:RMTEncoderDecoderForConditionalGeneration,encoder-decoder,5e-05,1,1,linear,2100,4,10,regular,../runs/debug/qasper/t5-base/lr5e-05_linear_adamw_wd1e-03_2100-1024-{4}seg_mem10_bs32_iters5000_regular_mem_layers_mem_loss_rc0.001/run_1,False,5000,8.346400260925293
qasper,t5-base,,modeling_rmt_enc_dec_mem_layers_shared_last2:RMTEncoderDecoderForConditionalGeneration,encoder-decoder,5e-05,4,1,linear,1024,2,1,regular,../runs/debug/qasper/t5-base/lr5e-05_linear_adamw_wd1e-03_1024-1024-{2}seg_mem1_bs32_iters5000_regular_mem_layers_shared_last2/run_3,False,5000,14.08530044555664
qasper,t5-base,,modeling_rmt_enc_dec_mem_layers_shared_last2:RMTEncoderDecoderForConditionalGeneration,encoder-decoder,5e-05,4,1,linear,1024,2,1,regular,../runs/debug/qasper/t5-base/lr5e-05_linear_adamw_wd1e-03_1024-1024-{2}seg_mem1_bs32_iters5000_regular_mem_layers_shared_last2/run_2,False,5000,14.171799659729004
qasper,t5-base,,modeling_rmt_enc_dec_mem_layers_shared_last2:RMTEncoderDecoderForConditionalGeneration,encoder-decoder,5e-05,4,1,linear,1024,2,1,regular,../runs/debug/qasper/t5-base/lr5e-05_linear_adamw_wd1e-03_1024-1024-{2}seg_mem1_bs32_iters5000_regular_mem_layers_shared_last2/run_1,False,5000,13.656599998474121
qasper,t5-base,,modeling_rmt_enc_dec_mem_layers_shared:RMTEncoderDecoderForConditionalGeneration,encoder-decoder,5e-05,2,1,linear,1536,3,10,regular,../runs/debug/qasper/t5-base/lr5e-05_linear_adamw_wd1e-03_1536-1024-{3}seg_mem10_bs32_iters5000_regular_mem_layers_shared/run_3,False,5000,13.30679988861084
qasper,t5-base,,modeling_rmt_enc_dec_mem_layers_shared:RMTEncoderDecoderForConditionalGeneration,encoder-decoder,5e-05,2,1,linear,1536,3,10,regular,../runs/debug/qasper/t5-base/lr5e-05_linear_adamw_wd1e-03_1536-1024-{3}seg_mem10_bs32_iters5000_regular_mem_layers_shared/run_2,False,5000,13.494199752807617
qasper,t5-base,,modeling_rmt_enc_dec_mem_layers_shared:RMTEncoderDecoderForConditionalGeneration,encoder-decoder,5e-05,2,1,linear,1536,3,10,regular,../runs/debug/qasper/t5-base/lr5e-05_linear_adamw_wd1e-03_1536-1024-{3}seg_mem10_bs32_iters5000_regular_mem_layers_shared/run_1,False,5000,15.218799591064453
qasper,t5-base,,modeling_rmt_enc_dec_mem_layers_shared:RMTEncoderDecoderForConditionalGeneration,encoder-decoder,5e-05,8,1,linear,512,1,1,regular,../runs/debug/qasper/t5-base/lr5e-05_linear_adamw_wd1e-03_512-1024-{1}seg_mem1_bs32_iters5000_regular_mem_layers_shared/run_3,False,5000,19.153499603271484
qasper,t5-base,,modeling_rmt_enc_dec_mem_layers_shared:RMTEncoderDecoderForConditionalGeneration,encoder-decoder,5e-05,8,1,linear,512,1,1,regular,../runs/debug/qasper/t5-base/lr5e-05_linear_adamw_wd1e-03_512-1024-{1}seg_mem1_bs32_iters5000_regular_mem_layers_shared/run_2,False,5000,19.138500213623047
qasper,t5-base,,modeling_rmt_enc_dec_mem_layers_shared:RMTEncoderDecoderForConditionalGeneration,encoder-decoder,5e-05,8,1,linear,512,1,1,regular,../runs/debug/qasper/t5-base/lr5e-05_linear_adamw_wd1e-03_512-1024-{1}seg_mem1_bs32_iters5000_regular_mem_layers_shared/run_1,False,5000,19.056699752807617
qasper,t5-base,,modeling_rmt_enc_dec_framework_mem_loss:RMTEncoderDecoderForConditionalGeneration,encoder-decoder,5e-05,2,1,linear,1024,2,10,regular,../runs/debug/qasper/t5-base/lr5e-05_linear_adamw_wd1e-03_1024-1024-{2}seg_mem10_bs32_iters5000_regular_mem_layers_mem_lossV2_rc0.001/run_2,False,5000,14.614500045776367
qasper,t5-base,,modeling_rmt_enc_dec_framework_mem_loss:RMTEncoderDecoderForConditionalGeneration,encoder-decoder,5e-05,2,1,linear,1024,2,10,regular,../runs/debug/qasper/t5-base/lr5e-05_linear_adamw_wd1e-03_1024-1024-{2}seg_mem10_bs32_iters5000_regular_mem_layers_mem_lossV2_rc0.001/run_1,False,5000,15.025099754333496
qasper,t5-base,,modeling_rmt_enc_dec_mem_layers_shared:RMTEncoderDecoderForConditionalGeneration,encoder-decoder,5e-05,1,1,linear,2100,2,10,regular,../runs/debug/qasper/t5-base/lr5e-05_linear_adamw_wd1e-03_2100-1024-{2}seg_mem10_bs32_iters5000_regular_mem_layers_shared_mem_loss_rc0.001/run_2,False,5000,15.372400283813477
qasper,t5-base,,modeling_rmt_enc_dec_mem_layers_shared:RMTEncoderDecoderForConditionalGeneration,encoder-decoder,5e-05,1,1,linear,2100,2,10,regular,../runs/debug/qasper/t5-base/lr5e-05_linear_adamw_wd1e-03_2100-1024-{2}seg_mem10_bs32_iters5000_regular_mem_layers_shared_mem_loss_rc0.001/run_1,False,5000,15.875399589538574
qasper,t5-base,,modeling_rmt_enc_dec_repeat_question:RMTEncoderDecoderForConditionalGeneration,encoder-decoder,5e-05,4,1,linear,1024,2,10,regular,../runs/debug/qasper/t5-base/lr5e-05_linear_adamw_wd1e-03_1024-1024-{2}seg_mem10_bs32_iters5000_regular_repeat_question/run_3,False,5000,19.102500915527344
qasper,t5-base,,modeling_rmt_enc_dec_repeat_question:RMTEncoderDecoderForConditionalGeneration,encoder-decoder,5e-05,4,1,linear,1024,2,10,regular,../runs/debug/qasper/t5-base/lr5e-05_linear_adamw_wd1e-03_1024-1024-{2}seg_mem10_bs32_iters5000_regular_repeat_question/run_2,False,5000,19.49220085144043
qasper,t5-base,,modeling_rmt_enc_dec_repeat_question:RMTEncoderDecoderForConditionalGeneration,encoder-decoder,5e-05,4,1,linear,1024,2,10,regular,../runs/debug/qasper/t5-base/lr5e-05_linear_adamw_wd1e-03_1024-1024-{2}seg_mem10_bs32_iters5000_regular_repeat_question/run_1,False,5000,19.816099166870117
qasper,t5-base,,modeling_rmt_enc_dec_mem_layers_shared_last2:RMTEncoderDecoderForConditionalGeneration,encoder-decoder,5e-05,8,1,linear,512,1,10,regular,../runs/debug/qasper/t5-base/lr5e-05_linear_adamw_wd1e-03_512-1024-{1}seg_mem10_bs32_iters5000_regular_mem_layers_shared_last2/run_3,False,5000,19.077699661254883
qasper,t5-base,,modeling_rmt_enc_dec_mem_layers_shared_last2:RMTEncoderDecoderForConditionalGeneration,encoder-decoder,5e-05,8,1,linear,512,1,10,regular,../runs/debug/qasper/t5-base/lr5e-05_linear_adamw_wd1e-03_512-1024-{1}seg_mem10_bs32_iters5000_regular_mem_layers_shared_last2/run_2,False,5000,19.122499465942383
qasper,t5-base,,modeling_rmt_enc_dec_mem_layers_shared_last2:RMTEncoderDecoderForConditionalGeneration,encoder-decoder,5e-05,8,1,linear,512,1,10,regular,../runs/debug/qasper/t5-base/lr5e-05_linear_adamw_wd1e-03_512-1024-{1}seg_mem10_bs32_iters5000_regular_mem_layers_shared_last2/run_1,False,5000,20.092100143432617
qasper,t5-base,,modeling_rmt_enc_dec_mem_layers_shared_last1:RMTEncoderDecoderForConditionalGeneration,encoder-decoder,5e-05,4,1,linear,1024,2,1,regular,../runs/debug/qasper/t5-base/lr5e-05_linear_adamw_wd1e-03_1024-1024-{2}seg_mem1_bs32_iters5000_regular_mem_layers_shared_last1/run_3,False,5000,11.036399841308594
qasper,t5-base,,modeling_rmt_enc_dec_mem_layers_shared_last1:RMTEncoderDecoderForConditionalGeneration,encoder-decoder,5e-05,4,1,linear,1024,2,1,regular,../runs/debug/qasper/t5-base/lr5e-05_linear_adamw_wd1e-03_1024-1024-{2}seg_mem1_bs32_iters5000_regular_mem_layers_shared_last1/run_2,False,5000,11.02970027923584
qasper,t5-base,,modeling_rmt_enc_dec_mem_layers_shared_last1:RMTEncoderDecoderForConditionalGeneration,encoder-decoder,5e-05,4,1,linear,1024,2,1,regular,../runs/debug/qasper/t5-base/lr5e-05_linear_adamw_wd1e-03_1024-1024-{2}seg_mem1_bs32_iters5000_regular_mem_layers_shared_last1/run_1,False,5000,9.471199989318848
qasper,t5-base,,modeling_rmt_enc_dec_mem_layers_shared:RMTEncoderDecoderForConditionalGeneration,encoder-decoder,5e-05,4,2,linear,1024,2,10,regular,../runs/debug/qasper/t5-base/lr5e-05_linear_adamw_wd1e-03_1024-1024-{2}seg_mem10_bs32_iters5000_regular_mem_layers_sharedV2/run_1,False,5000,15.002400398254395
qasper,t5-base,,modeling_rmt_enc_dec_mem_layers_shared:RMTEncoderDecoderForConditionalGeneration,encoder-decoder,5e-05,4,2,linear,1024,2,10,regular,../runs/debug/qasper/t5-base/lr5e-05_linear_adamw_wd1e-03_1024-1024-{2}seg_mem10_bs32_iters5000_regular_mem_layers_sharedV2/run_1,False,0,0.0
qasper,t5-base,,modeling_rmt_enc_dec_mem_layers_shared:RMTEncoderDecoderForConditionalGeneration,encoder-decoder,5e-05,1,1,linear,2100,3,10,regular,../runs/debug/qasper/t5-base/lr5e-05_linear_adamw_wd1e-03_2100-1024-{3}seg_mem10_bs32_iters5000_regular_mem_layers_shared_mem_loss_rc0.001/run_2,False,5000,13.933300018310547
qasper,t5-base,,modeling_rmt_enc_dec_mem_layers_shared:RMTEncoderDecoderForConditionalGeneration,encoder-decoder,5e-05,1,1,linear,2100,3,10,regular,../runs/debug/qasper/t5-base/lr5e-05_linear_adamw_wd1e-03_2100-1024-{3}seg_mem10_bs32_iters5000_regular_mem_layers_shared_mem_loss_rc0.001/run_1,False,5000,15.325400352478027
qasper,t5-base,,modeling_rmt_enc_dec_mem_layers_shared_last2:RMTEncoderDecoderForConditionalGeneration,encoder-decoder,5e-05,2,1,linear,2048,4,25,regular,../runs/debug/qasper/t5-base/lr5e-05_linear_adamw_wd1e-03_2048-1024-{4}seg_mem25_bs32_iters5000_regular_mem_layers_shared_last2/run_1,False,5000,13.993499755859375
qasper,t5-base,,modeling_rmt_enc_dec_repeat_question:RMTEncoderDecoderForConditionalGeneration,encoder-decoder,5e-05,8,1,linear,2600,3,0,regular,../runs/debug/qasper/t5-base/lr5e-05_linear_adamw_wd1e-03_2600-1024-{3}seg_mem0_bs32_iters5000_regular_repeat_question/run_2,False,5000,18.463499069213867
qasper,t5-base,,modeling_rmt_enc_dec_repeat_question:RMTEncoderDecoderForConditionalGeneration,encoder-decoder,5e-05,8,1,linear,2600,3,0,regular,../runs/debug/qasper/t5-base/lr5e-05_linear_adamw_wd1e-03_2600-1024-{3}seg_mem0_bs32_iters5000_regular_repeat_question/run_1,False,5000,18.535499572753906
qasper,t5-base,,modeling_rmt_enc_dec_mem_layers_shared_last2:RMTEncoderDecoderForConditionalGeneration,encoder-decoder,5e-05,2,1,linear,2048,4,10,regular,../runs/debug/qasper/t5-base/lr5e-05_linear_adamw_wd1e-03_2048-1024-{4}seg_mem10_bs32_iters5000_regular_mem_layers_shared_last2/run_1,False,5000,13.180700302124023
qasper,t5-base,,modeling_rmt_enc_dec_mem_layers:RMTEncoderDecoderForConditionalGeneration,encoder-decoder,5e-05,8,1,linear,512,1,10,regular,../runs/debug/qasper/t5-base/lr5e-05_linear_adamw_wd1e-03_512-1024-{1}seg_mem10_bs32_iters5000_regular_mem_layers/run_3,False,0,0.0
qasper,t5-base,,modeling_rmt_enc_dec_mem_layers:RMTEncoderDecoderForConditionalGeneration,encoder-decoder,5e-05,8,1,linear,512,1,10,regular,../runs/debug/qasper/t5-base/lr5e-05_linear_adamw_wd1e-03_512-1024-{1}seg_mem10_bs32_iters5000_regular_mem_layers/run_2,False,5000,20.445100784301758
qasper,t5-base,,modeling_rmt_enc_dec_mem_layers:RMTEncoderDecoderForConditionalGeneration,encoder-decoder,5e-05,8,1,linear,512,1,10,regular,../runs/debug/qasper/t5-base/lr5e-05_linear_adamw_wd1e-03_512-1024-{1}seg_mem10_bs32_iters5000_regular_mem_layers/run_1,False,5000,19.555400848388672
qasper,t5-base,,modeling_rmt_enc_dec_mem_layers_shared:RMTEncoderDecoderForConditionalGeneration,encoder-decoder,5e-05,8,1,linear,512,1,10,regular,../runs/debug/qasper/t5-base/lr5e-05_linear_adamw_wd1e-03_512-1024-{1}seg_mem10_bs32_iters5000_regular_mem_layers_shared/run_3,False,5000,19.279800415039062
qasper,t5-base,,modeling_rmt_enc_dec_mem_layers_shared:RMTEncoderDecoderForConditionalGeneration,encoder-decoder,5e-05,8,1,linear,512,1,10,regular,../runs/debug/qasper/t5-base/lr5e-05_linear_adamw_wd1e-03_512-1024-{1}seg_mem10_bs32_iters5000_regular_mem_layers_shared/run_2,False,5000,18.388700485229492
qasper,t5-base,,modeling_rmt_enc_dec_mem_layers_shared:RMTEncoderDecoderForConditionalGeneration,encoder-decoder,5e-05,8,1,linear,512,1,10,regular,../runs/debug/qasper/t5-base/lr5e-05_linear_adamw_wd1e-03_512-1024-{1}seg_mem10_bs32_iters5000_regular_mem_layers_shared/run_1,False,5000,18.917499542236328
qasper,t5-base,,modeling_rmt_enc_dec_mem_layers_shared:RMTEncoderDecoderForConditionalGeneration,encoder-decoder,5e-05,1,1,linear,2100,4,10,regular,../runs/debug/qasper/t5-base/lr5e-05_linear_adamw_wd1e-03_2100-1024-{4}seg_mem10_bs32_iters5000_regular_mem_layers_shared_mem_loss_rc0.001/run_2,False,5000,14.70359992980957
qasper,t5-base,,modeling_rmt_enc_dec_mem_layers_shared:RMTEncoderDecoderForConditionalGeneration,encoder-decoder,5e-05,1,1,linear,2100,4,10,regular,../runs/debug/qasper/t5-base/lr5e-05_linear_adamw_wd1e-03_2100-1024-{4}seg_mem10_bs32_iters5000_regular_mem_layers_shared_mem_loss_rc0.001/run_1,False,5000,13.299099922180176
qasper,t5-base,,modeling_rmt_enc_dec_mem_layers_log:RMTEncoderDecoderForConditionalGeneration,encoder-decoder,5e-05,8,1,linear,1024,1,1,regular,../runs/debug/qasper/t5-base/lr5e-05_linear_adamw_wd1e-03_1024-1024-{1}seg_mem1_bs32_iters5000_regular_mem_layers/run_1,False,5000,18.947599411010742
qasper,t5-base,,modeling_rmt_enc_dec_mem_layers_log:RMTEncoderDecoderForConditionalGeneration,encoder-decoder,5e-05,8,1,linear,1024,1,1,regular,../runs/debug/qasper/t5-base/lr5e-05_linear_adamw_wd1e-03_1024-1024-{1}seg_mem1_bs32_iters5000_regular_mem_layers/run_1,False,900,16.201099395751953
qasper,t5-base,,modeling_rmt_enc_dec_mem_layers_log:RMTEncoderDecoderForConditionalGeneration,encoder-decoder,5e-05,8,1,linear,1024,1,1,regular,../runs/debug/qasper/t5-base/lr5e-05_linear_adamw_wd1e-03_1024-1024-{1}seg_mem1_bs32_iters5000_regular_mem_layers/run_1,False,5000,19.757600784301758
qasper,t5-base,,modeling_rmt_enc_dec_mem_layers_log:RMTEncoderDecoderForConditionalGeneration,encoder-decoder,5e-05,8,1,linear,1024,1,1,regular,../runs/debug/qasper/t5-base/lr5e-05_linear_adamw_wd1e-03_1024-1024-{1}seg_mem1_bs32_iters5000_regular_mem_layers/run_1,False,500,0.0
qasper,t5-base,,modeling_rmt_enc_dec_repeat_question:RMTEncoderDecoderForConditionalGeneration,encoder-decoder,5e-05,8,1,linear,2600,4,0,regular,../runs/debug/qasper/t5-base/lr5e-05_linear_adamw_wd1e-03_2600-1024-{4}seg_mem0_bs32_iters5000_regular_repeat_question/run_2,False,5000,18.183799743652344
qasper,t5-base,,modeling_rmt_enc_dec_repeat_question:RMTEncoderDecoderForConditionalGeneration,encoder-decoder,5e-05,8,1,linear,2600,4,0,regular,../runs/debug/qasper/t5-base/lr5e-05_linear_adamw_wd1e-03_2600-1024-{4}seg_mem0_bs32_iters5000_regular_repeat_question/run_1,False,5000,19.29990005493164
qasper,t5-base,,modeling_rmt_enc_dec_mem_layers_shared:RMTEncoderDecoderForConditionalGeneration,encoder-decoder,5e-05,4,1,linear,1024,2,1,regular,../runs/debug/qasper/t5-base/lr5e-05_linear_adamw_wd1e-03_1024-1024-{2}seg_mem1_bs32_iters5000_regular_mem_layers_shared_sum_loss/run_2,True,5000,13.791999816894531
qasper,t5-base,,modeling_rmt_enc_dec_mem_layers_shared:RMTEncoderDecoderForConditionalGeneration,encoder-decoder,5e-05,4,1,linear,1024,2,1,regular,../runs/debug/qasper/t5-base/lr5e-05_linear_adamw_wd1e-03_1024-1024-{2}seg_mem1_bs32_iters5000_regular_mem_layers_shared_sum_loss/run_1,True,5000,14.635000228881836
qasper,t5-base,,modeling_rmt_enc_dec_mem_layers_shared_mem_last:RMTEncoderDecoderForConditionalGeneration,encoder-decoder,5e-05,4,1,linear,1024,2,10,regular,../runs/debug/qasper/t5-base/lr5e-05_linear_adamw_wd1e-03_1024-1024-{2}seg_mem10_bs32_iters5000_regular_mem_layers_shared_mem_last/run_1,False,5000,10.810799598693848
qasper,t5-base,,modeling_rmt_enc_dec_mem_layers_shared_last2:RMTEncoderDecoderForConditionalGeneration,encoder-decoder,5e-05,2,1,linear,2100,4,25,regular,../runs/debug/qasper/t5-base/lr5e-05_linear_adamw_wd1e-03_2100-1024-{4}seg_mem25_bs32_iters5000_regular_mem_layers_shared_last2/run_3,False,5000,14.031599998474121
qasper,t5-base,,modeling_rmt_enc_dec_mem_layers_shared_last2:RMTEncoderDecoderForConditionalGeneration,encoder-decoder,5e-05,2,1,linear,2100,4,25,regular,../runs/debug/qasper/t5-base/lr5e-05_linear_adamw_wd1e-03_2100-1024-{4}seg_mem25_bs32_iters5000_regular_mem_layers_shared_last2/run_2,False,5000,13.550600051879883
qasper,t5-base,,modeling_rmt_enc_dec_mem_layers_shared_last1:RMTEncoderDecoderForConditionalGeneration,encoder-decoder,5e-05,4,1,linear,1024,2,10,regular,../runs/debug/qasper/t5-base/lr5e-05_linear_adamw_wd1e-03_1024-1024-{2}seg_mem10_bs32_iters5000_regular_mem_layers_shared_last1/run_3,False,5000,10.527099609375
qasper,t5-base,,modeling_rmt_enc_dec_mem_layers_shared_last1:RMTEncoderDecoderForConditionalGeneration,encoder-decoder,5e-05,4,1,linear,1024,2,10,regular,../runs/debug/qasper/t5-base/lr5e-05_linear_adamw_wd1e-03_1024-1024-{2}seg_mem10_bs32_iters5000_regular_mem_layers_shared_last1/run_2,False,5000,10.476900100708008
qasper,t5-base,,modeling_rmt_enc_dec_mem_layers_shared_last1:RMTEncoderDecoderForConditionalGeneration,encoder-decoder,5e-05,4,1,linear,1024,2,10,regular,../runs/debug/qasper/t5-base/lr5e-05_linear_adamw_wd1e-03_1024-1024-{2}seg_mem10_bs32_iters5000_regular_mem_layers_shared_last1/run_1,False,5000,10.69219970703125
qasper,t5-base,,modeling_rmt_enc_dec_mem_layers_shared:RMTEncoderDecoderForConditionalGeneration,encoder-decoder,5e-05,2,1,linear,2100,4,25,regular,../runs/debug/qasper/t5-base/lr5e-05_linear_adamw_wd1e-03_2100-1024-{4}seg_mem25_bs32_iters5000_regular_mem_layers_shared/run_1,False,5000,9.774399757385254
qasper,t5-base,,modeling_rmt_enc_dec_mem_layers_shared_last2:RMTEncoderDecoderForConditionalGeneration,encoder-decoder,5e-05,2,1,linear,2100,3,25,regular,../runs/debug/qasper/t5-base/lr5e-05_linear_adamw_wd1e-03_2100-1024-{3}seg_mem25_bs32_iters5000_regular_mem_layers_shared_last2/run_3,False,5000,14.600500106811523
qasper,t5-base,,modeling_rmt_enc_dec_mem_layers_shared_last2:RMTEncoderDecoderForConditionalGeneration,encoder-decoder,5e-05,2,1,linear,2100,3,25,regular,../runs/debug/qasper/t5-base/lr5e-05_linear_adamw_wd1e-03_2100-1024-{3}seg_mem25_bs32_iters5000_regular_mem_layers_shared_last2/run_2,False,5000,14.386799812316895
qasper,t5-base,,modeling_rmt_enc_dec_mem_layers:RMTEncoderDecoderForConditionalGeneration,encoder-decoder,5e-05,2,1,linear,1024,2,10,regular,../runs/debug/qasper/t5-base/lr5e-05_linear_adamw_wd1e-03_1024-1024-{2}seg_mem10_bs32_iters5000_regular_mem_layers_mem_loss_rc0.0001/run_2,False,5000,10.233799934387207
qasper,t5-base,,modeling_rmt_enc_dec_mem_layers:RMTEncoderDecoderForConditionalGeneration,encoder-decoder,5e-05,2,1,linear,1024,2,10,regular,../runs/debug/qasper/t5-base/lr5e-05_linear_adamw_wd1e-03_1024-1024-{2}seg_mem10_bs32_iters5000_regular_mem_layers_mem_loss_rc0.0001/run_1,False,5000,15.35420036315918
qasper,t5-base,,modeling_rmt_enc_dec_mem_layers_shared:RMTEncoderDecoderForConditionalGeneration,encoder-decoder,5e-05,2,1,linear,1536,3,25,regular,../runs/debug/qasper/t5-base/lr5e-05_linear_adamw_wd1e-03_1536-1024-{3}seg_mem25_bs32_iters5000_regular_mem_layers_shared/run_3,False,5000,14.410099983215332
qasper,t5-base,,modeling_rmt_enc_dec_mem_layers_shared:RMTEncoderDecoderForConditionalGeneration,encoder-decoder,5e-05,2,1,linear,1536,3,25,regular,../runs/debug/qasper/t5-base/lr5e-05_linear_adamw_wd1e-03_1536-1024-{3}seg_mem25_bs32_iters5000_regular_mem_layers_shared/run_2,False,5000,13.247699737548828
qasper,t5-base,,modeling_rmt_enc_dec_mem_layers_shared:RMTEncoderDecoderForConditionalGeneration,encoder-decoder,5e-05,2,1,linear,1536,3,25,regular,../runs/debug/qasper/t5-base/lr5e-05_linear_adamw_wd1e-03_1536-1024-{3}seg_mem25_bs32_iters5000_regular_mem_layers_shared/run_1,False,5000,13.314599990844727
qasper,t5-base,,modeling_rmt_enc_dec_mem_layers_shared:RMTEncoderDecoderForConditionalGeneration,encoder-decoder,5e-05,4,1,linear,1024,2,10,regular,../runs/debug/qasper/t5-base/lr5e-05_linear_adamw_wd1e-03_1024-1024-{2}seg_mem10_bs32_iters5000_regular_mem_layers_shared/run_3,False,5000,14.481499671936035
qasper,t5-base,,modeling_rmt_enc_dec_mem_layers_shared:RMTEncoderDecoderForConditionalGeneration,encoder-decoder,5e-05,4,1,linear,1024,2,10,regular,../runs/debug/qasper/t5-base/lr5e-05_linear_adamw_wd1e-03_1024-1024-{2}seg_mem10_bs32_iters5000_regular_mem_layers_shared/run_2,False,5000,13.274900436401367
qasper,t5-base,,modeling_rmt_enc_dec_mem_layers_shared:RMTEncoderDecoderForConditionalGeneration,encoder-decoder,5e-05,4,2,linear,1024,2,10,regular,../runs/debug/qasper/t5-base/lr5e-05_linear_adamw_wd1e-03_1024-1024-{2}seg_mem10_bs32_iters5000_regular_mem_layers_shared/run_1,False,5000,14.35990047454834
qasper,t5-base,,modeling_rmt_enc_dec_mem_layers_log:RMTEncoderDecoderForConditionalGeneration,encoder-decoder,5e-05,8,1,linear,1024,1,10,regular,../runs/debug/qasper/t5-base/lr5e-05_linear_adamw_wd1e-03_1024-1024-{1}seg_mem10_bs32_iters5000_regular_mem_layers/run_1,False,5000,20.0310001373291
qasper,t5-base,,modeling_rmt_enc_dec_mem_layers_log:RMTEncoderDecoderForConditionalGeneration,encoder-decoder,5e-05,8,1,linear,1024,1,10,regular,../runs/debug/qasper/t5-base/lr5e-05_linear_adamw_wd1e-03_1024-1024-{1}seg_mem10_bs32_iters5000_regular_mem_layers/run_1,False,5000,20.107500076293945
qasper,t5-base,,modeling_rmt_enc_dec_mem_layers_shared_last2:RMTEncoderDecoderForConditionalGeneration,encoder-decoder,5e-05,2,1,linear,2100,3,1,regular,../runs/debug/qasper/t5-base/lr5e-05_linear_adamw_wd1e-03_2100-1024-{3}seg_mem1_bs32_iters5000_regular_mem_layers_shared_last2/run_3,False,5000,12.447999954223633
qasper,t5-base,,modeling_rmt_enc_dec_mem_layers_shared_last2:RMTEncoderDecoderForConditionalGeneration,encoder-decoder,5e-05,2,1,linear,2100,3,1,regular,../runs/debug/qasper/t5-base/lr5e-05_linear_adamw_wd1e-03_2100-1024-{3}seg_mem1_bs32_iters5000_regular_mem_layers_shared_last2/run_2,False,5000,12.805000305175781
qasper,t5-base,,modeling_rmt_enc_dec_mem_layers_shared_last2_align:RMTEncoderDecoderForConditionalGeneration,encoder-decoder,5e-05,4,1,linear,1024,2,10,regular,../runs/debug/qasper/t5-base/lr5e-05_linear_adamw_wd1e-03_1024-1024-{2}seg_mem10_bs32_iters5000_regular_mem_layers_shared_last2_align/run_1,False,5000,14.903800010681152
qasper,t5-base,,modeling_rmt_enc_dec_mem_layers_shared:RMTEncoderDecoderForConditionalGeneration,encoder-decoder,5e-05,4,1,linear,1024,2,50,regular,../runs/debug/qasper/t5-base/lr5e-05_linear_adamw_wd1e-03_1024-1024-{2}seg_mem50_bs32_iters5000_regular_mem_layers_shared/run_1,False,5000,13.565699577331543
qasper,t5-base,,modeling_rmt_enc_dec_mem_layers_shared_last2:RMTEncoderDecoderForConditionalGeneration,encoder-decoder,5e-05,4,1,linear,1024,2,10,regular,../runs/debug/qasper/t5-base/lr5e-05_linear_adamw_wd1e-03_1024-1024-{2}seg_mem10_bs32_iters5000_regular_mem_layers_shared_last2/run_3,False,5000,14.886099815368652
qasper,t5-base,,modeling_rmt_enc_dec_mem_layers_shared_last2:RMTEncoderDecoderForConditionalGeneration,encoder-decoder,5e-05,4,1,linear,1024,2,10,regular,../runs/debug/qasper/t5-base/lr5e-05_linear_adamw_wd1e-03_1024-1024-{2}seg_mem10_bs32_iters5000_regular_mem_layers_shared_last2/run_2,False,5000,14.800999641418457
qasper,t5-base,,modeling_rmt_enc_dec_mem_layers_shared_last2:RMTEncoderDecoderForConditionalGeneration,encoder-decoder,5e-05,4,1,linear,1024,2,10,regular,../runs/debug/qasper/t5-base/lr5e-05_linear_adamw_wd1e-03_1024-1024-{2}seg_mem10_bs32_iters5000_regular_mem_layers_shared_last2/run_1,False,5000,14.802300453186035
qasper,t5-base,,modeling_rmt_enc_dec_mem_layers_shared_last2:RMTEncoderDecoderForConditionalGeneration,encoder-decoder,5e-05,4,1,linear,1024,2,25,regular,../runs/debug/qasper/t5-base/lr5e-05_linear_adamw_wd1e-03_1024-1024-{2}seg_mem25_bs32_iters5000_regular_mem_layers_shared_last2/run_2,False,5000,14.190099716186523
qasper,t5-base,,modeling_rmt_enc_dec_mem_layers_shared_last2:RMTEncoderDecoderForConditionalGeneration,encoder-decoder,5e-05,4,1,linear,1024,2,25,regular,../runs/debug/qasper/t5-base/lr5e-05_linear_adamw_wd1e-03_1024-1024-{2}seg_mem25_bs32_iters5000_regular_mem_layers_shared_last2/run_1,False,5000,15.193099975585938
qasper,t5-base,,modeling_rmt_enc_dec_mem_layers_log:RMTEncoderDecoderForConditionalGeneration,encoder-decoder,5e-05,4,1,linear,1024,2,1,regular,../runs/debug/qasper/t5-base/lr5e-05_linear_adamw_wd1e-03_1024-1024-{2}seg_mem1_bs32_iters5000_regular_mem_layers/run_2,False,5000,13.717700004577637
qasper,t5-base,,modeling_rmt_enc_dec_mem_layers_log:RMTEncoderDecoderForConditionalGeneration,encoder-decoder,5e-05,4,1,linear,1024,2,1,regular,../runs/debug/qasper/t5-base/lr5e-05_linear_adamw_wd1e-03_1024-1024-{2}seg_mem1_bs32_iters5000_regular_mem_layers/run_1,False,5000,9.7923002243042
qasper,t5-base,,modeling_rmt_enc_dec_mem_layers_shared_last2:RMTEncoderDecoderForConditionalGeneration,encoder-decoder,5e-05,2,1,linear,2100,4,1,regular,../runs/debug/qasper/t5-base/lr5e-05_linear_adamw_wd1e-03_2100-1024-{4}seg_mem1_bs32_iters5000_regular_mem_layers_shared_last2/run_3,False,5000,9.66450023651123
qasper,t5-base,,modeling_rmt_enc_dec_mem_layers_shared_last2:RMTEncoderDecoderForConditionalGeneration,encoder-decoder,5e-05,2,1,linear,2100,4,1,regular,../runs/debug/qasper/t5-base/lr5e-05_linear_adamw_wd1e-03_2100-1024-{4}seg_mem1_bs32_iters5000_regular_mem_layers_shared_last2/run_2,False,5000,9.432499885559082
qasper,t5-base,,modeling_rmt_enc_dec_framework_mem_loss:RMTEncoderDecoderForConditionalGeneration,encoder-decoder,5e-05,2,1,linear,1024,2,1,regular,../runs/debug/qasper/t5-base/lr5e-05_linear_adamw_wd1e-03_1024-1024-{2}seg_mem1_bs32_iters5000_regular_mem_layers_mem_lossV2_rc0.001/run_2,False,5000,15.004899978637695
qasper,t5-base,,modeling_rmt_enc_dec_framework_mem_loss:RMTEncoderDecoderForConditionalGeneration,encoder-decoder,5e-05,2,1,linear,1024,2,1,regular,../runs/debug/qasper/t5-base/lr5e-05_linear_adamw_wd1e-03_1024-1024-{2}seg_mem1_bs32_iters5000_regular_mem_layers_mem_lossV2_rc0.001/run_1,False,5000,14.623800277709961
qasper,t5-base,,modeling_rmt_enc_dec_mem_layers:RMTEncoderDecoderForConditionalGeneration,encoder-decoder,5e-05,8,1,linear,512,1,1,regular,../runs/debug/qasper/t5-base/lr5e-05_linear_adamw_wd1e-03_512-1024-{1}seg_mem1_bs32_iters5000_regular_mem_layers/run_3,False,5000,19.232799530029297
qasper,t5-base,,modeling_rmt_enc_dec_mem_layers:RMTEncoderDecoderForConditionalGeneration,encoder-decoder,5e-05,8,1,linear,512,1,1,regular,../runs/debug/qasper/t5-base/lr5e-05_linear_adamw_wd1e-03_512-1024-{1}seg_mem1_bs32_iters5000_regular_mem_layers/run_2,False,5000,19.306800842285156
qasper,t5-base,,modeling_rmt_enc_dec_mem_layers:RMTEncoderDecoderForConditionalGeneration,encoder-decoder,5e-05,8,1,linear,512,1,1,regular,../runs/debug/qasper/t5-base/lr5e-05_linear_adamw_wd1e-03_512-1024-{1}seg_mem1_bs32_iters5000_regular_mem_layers/run_1,False,5000,19.2460994720459
qasper,t5-base,,modeling_rmt_enc_dec_repeat_question:RMTEncoderDecoderForConditionalGeneration,encoder-decoder,5e-05,2,1,linear,2100,3,10,regular,../runs/debug/qasper/t5-base/lr5e-05_linear_adamw_wd1e-03_2100-1024-{3}seg_mem10_bs32_iters5000_regular_repeat_question/run_3,False,5000,16.926000595092773
qasper,t5-base,,modeling_rmt_enc_dec_repeat_question:RMTEncoderDecoderForConditionalGeneration,encoder-decoder,5e-05,2,1,linear,2100,3,10,regular,../runs/debug/qasper/t5-base/lr5e-05_linear_adamw_wd1e-03_2100-1024-{3}seg_mem10_bs32_iters5000_regular_repeat_question/run_2,False,5000,16.829099655151367
qasper,t5-base,,modeling_rmt_enc_dec_repeat_question:RMTEncoderDecoderForConditionalGeneration,encoder-decoder,5e-05,2,1,linear,2100,3,10,regular,../runs/debug/qasper/t5-base/lr5e-05_linear_adamw_wd1e-03_2100-1024-{3}seg_mem10_bs32_iters5000_regular_repeat_question/run_1,False,5000,17.062000274658203
qasper,t5-base,,modeling_rmt_enc_dec_repeat_question:RMTEncoderDecoderForConditionalGeneration,encoder-decoder,5e-05,2,1,linear,2100,3,10,regular,../runs/debug/qasper/t5-base/lr5e-05_linear_adamw_wd1e-03_2100-1024-{3}seg_mem10_bs32_iters5000_regular_repeat_question/run_1,False,50,0.0
qasper,t5-base,,modeling_rmt_enc_dec_repeat_question:RMTEncoderDecoderForConditionalGeneration,encoder-decoder,5e-05,8,1,linear,2600,5,0,regular,../runs/debug/qasper/t5-base/lr5e-05_linear_adamw_wd1e-03_2600-1024-{5}seg_mem0_bs32_iters5000_regular_repeat_question/run_2,False,5000,19.794599533081055
qasper,t5-base,,modeling_rmt_enc_dec_repeat_question:RMTEncoderDecoderForConditionalGeneration,encoder-decoder,5e-05,8,1,linear,2600,5,0,regular,../runs/debug/qasper/t5-base/lr5e-05_linear_adamw_wd1e-03_2600-1024-{5}seg_mem0_bs32_iters5000_regular_repeat_question/run_1,False,5000,19.270599365234375
qasper,t5-base,,modeling_rmt_enc_dec_mem_layers_shared_last2:RMTEncoderDecoderForConditionalGeneration,encoder-decoder,5e-05,4,1,linear,1024,2,1,regular,../runs/debug/qasper/t5-base/lr5e-05_linear_adamw_wd1e-03_1024-1024-{2}seg_mem1_bs32_iters5000_regular_mem_layers_shared_last2_sum_loss/run_2,True,5000,14.176400184631348
qasper,t5-base,,modeling_rmt_enc_dec_mem_layers_shared_last2:RMTEncoderDecoderForConditionalGeneration,encoder-decoder,5e-05,4,1,linear,1024,2,1,regular,../runs/debug/qasper/t5-base/lr5e-05_linear_adamw_wd1e-03_1024-1024-{2}seg_mem1_bs32_iters5000_regular_mem_layers_shared_last2_sum_loss/run_1,True,5000,14.839799880981445
qasper,t5-base,,modeling_rmt_enc_dec_mem_layers_shared:RMTEncoderDecoderForConditionalGeneration,encoder-decoder,5e-05,8,1,linear,512,1,25,regular,../runs/debug/qasper/t5-base/lr5e-05_linear_adamw_wd1e-03_512-1024-{1}seg_mem25_bs32_iters5000_regular_mem_layers_shared/run_3,False,5000,18.962799072265625
qasper,t5-base,,modeling_rmt_enc_dec_mem_layers_shared:RMTEncoderDecoderForConditionalGeneration,encoder-decoder,5e-05,8,1,linear,512,1,25,regular,../runs/debug/qasper/t5-base/lr5e-05_linear_adamw_wd1e-03_512-1024-{1}seg_mem25_bs32_iters5000_regular_mem_layers_shared/run_2,False,5000,19.243099212646484
qasper,t5-base,,modeling_rmt_enc_dec_mem_layers_shared:RMTEncoderDecoderForConditionalGeneration,encoder-decoder,5e-05,8,1,linear,512,1,25,regular,../runs/debug/qasper/t5-base/lr5e-05_linear_adamw_wd1e-03_512-1024-{1}seg_mem25_bs32_iters5000_regular_mem_layers_shared/run_1,False,5000,18.935400009155273
qasper,t5-base,,modeling_rmt_enc_dec_mem_layers:RMTEncoderDecoderForConditionalGeneration,encoder-decoder,5e-05,2,1,linear,1024,2,1,regular,../runs/debug/qasper/t5-base/lr5e-05_linear_adamw_wd1e-03_1024-1024-{2}seg_mem1_bs32_iters5000_regular_mem_layers_mem_loss_rc0.0001/run_2,False,5000,9.754599571228027
qasper,t5-base,,modeling_rmt_enc_dec_mem_layers:RMTEncoderDecoderForConditionalGeneration,encoder-decoder,5e-05,2,1,linear,1024,2,1,regular,../runs/debug/qasper/t5-base/lr5e-05_linear_adamw_wd1e-03_1024-1024-{2}seg_mem1_bs32_iters5000_regular_mem_layers_mem_loss_rc0.0001/run_1,False,5000,15.35319995880127
qasper,t5-base,,modeling_rmt_enc_dec_mem_layers_shared:RMTEncoderDecoderForConditionalGeneration,encoder-decoder,5e-05,2,1,linear,2100,4,1,regular,../runs/debug/qasper/t5-base/lr5e-05_linear_adamw_wd1e-03_2100-1024-{4}seg_mem1_bs32_iters5000_regular_mem_layers_shared/run_2,False,5000,9.343899726867676
qasper,t5-base,,modeling_rmt_enc_dec_mem_layers_shared:RMTEncoderDecoderForConditionalGeneration,encoder-decoder,5e-05,2,1,linear,2100,4,1,regular,../runs/debug/qasper/t5-base/lr5e-05_linear_adamw_wd1e-03_2100-1024-{4}seg_mem1_bs32_iters5000_regular_mem_layers_shared/run_1,False,5000,10.05109977722168
qasper,t5-base,,modeling_rmt_enc_dec_mem_layers_shared:RMTEncoderDecoderForConditionalGeneration,encoder-decoder,5e-05,4,1,linear,1024,2,1,regular,../runs/debug/qasper/t5-base/lr5e-05_linear_adamw_wd1e-03_1024-1024-{2}seg_mem1_bs32_iters5000_regular_mem_layers_shared/run_3,False,5000,13.700900077819824
qasper,t5-base,,modeling_rmt_enc_dec_mem_layers_shared:RMTEncoderDecoderForConditionalGeneration,encoder-decoder,5e-05,4,1,linear,1024,2,1,regular,../runs/debug/qasper/t5-base/lr5e-05_linear_adamw_wd1e-03_1024-1024-{2}seg_mem1_bs32_iters5000_regular_mem_layers_shared/run_2,False,5000,14.233799934387207
qasper,t5-base,,modeling_rmt_enc_dec_mem_layers_shared:RMTEncoderDecoderForConditionalGeneration,encoder-decoder,5e-05,4,2,linear,1024,2,1,regular,../runs/debug/qasper/t5-base/lr5e-05_linear_adamw_wd1e-03_1024-1024-{2}seg_mem1_bs32_iters5000_regular_mem_layers_shared/run_1,False,0,0.0
qasper,t5-base,,modeling_rmt_enc_dec_mem_layers_shared:RMTEncoderDecoderForConditionalGeneration,encoder-decoder,5e-05,4,2,linear,1024,2,1,regular,../runs/debug/qasper/t5-base/lr5e-05_linear_adamw_wd1e-03_1024-1024-{2}seg_mem1_bs32_iters5000_regular_mem_layers_shared/run_1,False,5000,14.994199752807617
qasper,t5-base,,modeling_rmt_enc_dec_mem_layers_shared_last2:RMTEncoderDecoderForConditionalGeneration,encoder-decoder,5e-05,8,1,linear,512,1,25,regular,../runs/debug/qasper/t5-base/lr5e-05_linear_adamw_wd1e-03_512-1024-{1}seg_mem25_bs32_iters5000_regular_mem_layers_shared_last2/run_3,False,5000,19.387100219726562
qasper,t5-base,,modeling_rmt_enc_dec_mem_layers_shared_last2:RMTEncoderDecoderForConditionalGeneration,encoder-decoder,5e-05,8,1,linear,512,1,25,regular,../runs/debug/qasper/t5-base/lr5e-05_linear_adamw_wd1e-03_512-1024-{1}seg_mem25_bs32_iters5000_regular_mem_layers_shared_last2/run_2,False,5000,19.569700241088867
qasper,t5-base,,modeling_rmt_enc_dec_mem_layers_shared_last2:RMTEncoderDecoderForConditionalGeneration,encoder-decoder,5e-05,8,1,linear,512,1,25,regular,../runs/debug/qasper/t5-base/lr5e-05_linear_adamw_wd1e-03_512-1024-{1}seg_mem25_bs32_iters5000_regular_mem_layers_shared_last2/run_1,False,5000,19.94580078125
qasper,t5-base,,modeling_rmt_enc_dec_mem_layers_shared_last2:RMTEncoderDecoderForConditionalGeneration,encoder-decoder,5e-05,8,1,linear,512,1,1,regular,../runs/debug/qasper/t5-base/lr5e-05_linear_adamw_wd1e-03_512-1024-{1}seg_mem1_bs32_iters5000_regular_mem_layers_shared_last2/run_3,False,5000,18.60070037841797
qasper,t5-base,,modeling_rmt_enc_dec_mem_layers_shared_last2:RMTEncoderDecoderForConditionalGeneration,encoder-decoder,5e-05,8,1,linear,512,1,1,regular,../runs/debug/qasper/t5-base/lr5e-05_linear_adamw_wd1e-03_512-1024-{1}seg_mem1_bs32_iters5000_regular_mem_layers_shared_last2/run_2,False,5000,19.508699417114258
qasper,t5-base,,modeling_rmt_enc_dec_mem_layers_shared_last2:RMTEncoderDecoderForConditionalGeneration,encoder-decoder,5e-05,8,1,linear,512,1,1,regular,../runs/debug/qasper/t5-base/lr5e-05_linear_adamw_wd1e-03_512-1024-{1}seg_mem1_bs32_iters5000_regular_mem_layers_shared_last2/run_1,False,5000,18.97450065612793
qasper,t5-base,,modeling_rmt_enc_dec_mem_layers_shared:RMTEncoderDecoderForConditionalGeneration,encoder-decoder,5e-05,4,1,linear,1024,2,10,regular,../runs/debug/qasper/t5-base/lr5e-05_linear_adamw_wd1e-03_1024-1024-{2}seg_mem10_bs32_iters5000_regular_mem_layers_shared_sum_loss/run_2,True,5000,11.18529987335205
qasper,t5-base,,modeling_rmt_enc_dec_mem_layers_shared:RMTEncoderDecoderForConditionalGeneration,encoder-decoder,5e-05,4,1,linear,1024,2,10,regular,../runs/debug/qasper/t5-base/lr5e-05_linear_adamw_wd1e-03_1024-1024-{2}seg_mem10_bs32_iters5000_regular_mem_layers_shared_sum_loss/run_1,True,5000,10.77180004119873
qasper,t5-base,,modeling_rmt_enc_dec_mem_layers:RMTEncoderDecoderForConditionalGeneration,encoder-decoder,5e-05,2,1,linear,2100,2,10,regular,../runs/debug/qasper/t5-base/lr5e-05_linear_adamw_wd1e-03_2100-1024-{2}seg_mem10_bs32_iters5000_regular_mem_layers/run_1,False,5000,14.824600219726562
qasper,t5-base,,modeling_rmt_enc_dec_mem_layers:RMTEncoderDecoderForConditionalGeneration,encoder-decoder,5e-05,2,1,linear,2100,3,10,regular,../runs/debug/qasper/t5-base/lr5e-05_linear_adamw_wd1e-03_2100-1024-{3}seg_mem10_bs32_iters5000_regular_mem_layers/run_1,False,5000,8.46030044555664
qasper,t5-base,,modeling_rmt_enc_dec_framework_mem_loss:RMTEncoderDecoderForConditionalGeneration,encoder-decoder,5e-05,2,1,linear,1024,1,10,regular,../runs/debug/qasper/t5-base/lr5e-05_linear_adamw_wd1e-03_1024-1024-{1}seg_mem10_bs32_iters5000_regular_mem_layers_mem_lossV2_rc0.001/run_2,False,5000,19.117900848388672
qasper,t5-base,,modeling_rmt_enc_dec_framework_mem_loss:RMTEncoderDecoderForConditionalGeneration,encoder-decoder,5e-05,2,1,linear,1024,1,10,regular,../runs/debug/qasper/t5-base/lr5e-05_linear_adamw_wd1e-03_1024-1024-{1}seg_mem10_bs32_iters5000_regular_mem_layers_mem_lossV2_rc0.001/run_1,False,5000,18.719200134277344
qasper,t5-base,,modeling_rmt_enc_dec_mem_layers:RMTEncoderDecoderForConditionalGeneration,encoder-decoder,5e-05,2,1,linear,2100,4,10,regular,../runs/debug/qasper/t5-base/lr5e-05_linear_adamw_wd1e-03_2100-1024-{4}seg_mem10_bs32_iters5000_regular_mem_layers/run_1,False,50,0.03139999881386757
qasper,t5-base,,modeling_rmt_enc_dec_mem_layers_shared_last1:RMTEncoderDecoderForConditionalGeneration,encoder-decoder,5e-05,4,1,linear,1024,2,25,regular,../runs/debug/qasper/t5-base/lr5e-05_linear_adamw_wd1e-03_1024-1024-{2}seg_mem25_bs32_iters5000_regular_mem_layers_shared_last1/run_3,False,5000,9.827099800109863
qasper,t5-base,,modeling_rmt_enc_dec_mem_layers_shared_last1:RMTEncoderDecoderForConditionalGeneration,encoder-decoder,5e-05,4,1,linear,1024,2,25,regular,../runs/debug/qasper/t5-base/lr5e-05_linear_adamw_wd1e-03_1024-1024-{2}seg_mem25_bs32_iters5000_regular_mem_layers_shared_last1/run_2,False,5000,11.287699699401855
qasper,t5-base,,modeling_rmt_enc_dec_mem_layers_shared_last1:RMTEncoderDecoderForConditionalGeneration,encoder-decoder,5e-05,4,1,linear,1024,2,25,regular,../runs/debug/qasper/t5-base/lr5e-05_linear_adamw_wd1e-03_1024-1024-{2}seg_mem25_bs32_iters5000_regular_mem_layers_shared_last1/run_1,False,5000,13.16469955444336
qasper,t5-base,,modeling_rmt_enc_dec_mem_layers_shared:RMTEncoderDecoderForConditionalGeneration,encoder-decoder,5e-05,4,1,linear,1024,2,25,regular,../runs/debug/qasper/t5-base/lr5e-05_linear_adamw_wd1e-03_1024-1024-{2}seg_mem25_bs32_iters5000_regular_mem_layers_shared/run_3,False,5000,14.402799606323242
qasper,t5-base,,modeling_rmt_enc_dec_mem_layers_shared:RMTEncoderDecoderForConditionalGeneration,encoder-decoder,5e-05,4,1,linear,1024,2,25,regular,../runs/debug/qasper/t5-base/lr5e-05_linear_adamw_wd1e-03_1024-1024-{2}seg_mem25_bs32_iters5000_regular_mem_layers_shared/run_2,False,5000,14.207900047302246
qasper,t5-base,,modeling_rmt_enc_dec_mem_layers_shared:RMTEncoderDecoderForConditionalGeneration,encoder-decoder,5e-05,4,1,linear,1024,2,25,regular,../runs/debug/qasper/t5-base/lr5e-05_linear_adamw_wd1e-03_1024-1024-{2}seg_mem25_bs32_iters5000_regular_mem_layers_shared/run_1,False,5000,14.432100296020508
qasper,t5-base,,modeling_rmt_enc_dec_mem_layers:RMTEncoderDecoderForConditionalGeneration,encoder-decoder,5e-05,8,1,linear,512,1,25,regular,../runs/debug/qasper/t5-base/lr5e-05_linear_adamw_wd1e-03_512-1024-{1}seg_mem25_bs32_iters5000_regular_mem_layers/run_2,False,5000,19.238100051879883
qasper,t5-base,,modeling_rmt_enc_dec_mem_layers:RMTEncoderDecoderForConditionalGeneration,encoder-decoder,5e-05,8,1,linear,512,1,25,regular,../runs/debug/qasper/t5-base/lr5e-05_linear_adamw_wd1e-03_512-1024-{1}seg_mem25_bs32_iters5000_regular_mem_layers/run_1,False,5000,18.861499786376953
qasper,t5-base,,modeling_rmt_enc_dec_mem_layers_shared_last2:RMTEncoderDecoderForConditionalGeneration,encoder-decoder,5e-05,2,1,linear,2048,3,25,regular,../runs/debug/qasper/t5-base/lr5e-05_linear_adamw_wd1e-03_2048-1024-{3}seg_mem25_bs32_iters5000_regular_mem_layers_shared_last2/run_1,False,5000,14.693099975585938
qasper,t5-base,,modeling_rmt_enc_dec_mem_layers_shared_last2:RMTEncoderDecoderForConditionalGeneration,encoder-decoder,5e-05,2,1,linear,2100,4,10,regular,../runs/debug/qasper/t5-base/lr5e-05_linear_adamw_wd1e-03_2100-1024-{4}seg_mem10_bs32_iters5000_regular_mem_layers_shared_last2/run_3,False,5000,14.075200080871582
qasper,t5-base,,modeling_rmt_enc_dec_mem_layers_shared_last2:RMTEncoderDecoderForConditionalGeneration,encoder-decoder,5e-05,2,1,linear,2100,4,10,regular,../runs/debug/qasper/t5-base/lr5e-05_linear_adamw_wd1e-03_2100-1024-{4}seg_mem10_bs32_iters5000_regular_mem_layers_shared_last2/run_2,False,5000,13.347800254821777
